date,status,price,buy_conf,sell_conf,buy_action,current_return,filter_pass,sell_action
2023-01-03,idle,14224.12,1.0,,WAIT,,0.0,
2023-01-04,idle,14199.13,0.9999998807907104,,WAIT,,0.0,
2023-01-05,idle,14301.05,0.9999997615814209,,WAIT,,0.0,
2023-01-06,idle,14373.34,0.9999998807907104,,WAIT,,0.0,
2023-01-09,idle,14752.21,0.843119740486145,,WAIT,,1.0,
2023-01-10,idle,14802.96,0.9999977350234985,,WAIT,,1.0,
2023-01-11,idle,14751.44,1.0,,WAIT,,1.0,
2023-01-12,idle,14731.64,1.0,,WAIT,,0.0,
2023-01-13,idle,14824.13,0.9998883008956909,,WAIT,,1.0,
2023-01-16,idle,14927.01,0.9999998807907104,,WAIT,,0.0,
2023-01-17,idle,14932.93,0.9999998807907104,,WAIT,,0.0,
2023-01-30,idle,15493.82,0.9999181032180786,,BUY,,1.0,
2023-01-31,holding,15265.2,,0.9999885559082031,,0.9852444393958366,,HOLD
2023-02-01,holding,15420.13,,0.9999885559082031,,0.995243910152564,,HOLD
2023-02-02,holding,15595.16,,0.9999885559082031,,1.00654067234549,,HOLD
2023-02-03,holding,15602.66,,0.9999885559082031,,1.0070247363142208,,HOLD
2023-02-06,holding,15392.82,,0.9999885559082031,,0.9934812718877591,,HOLD
2023-02-07,holding,15400.91,,0.9999885559082031,,0.9940034155553634,,HOLD
2023-02-08,holding,15618.17,,0.9999885559082031,,1.008025780601556,,HOLD
2023-02-09,holding,15598.71,,0.9999885559082031,,1.0067697959573558,,HOLD
2023-02-10,holding,15586.65,,0.9999885559082031,,1.0059914210956369,,HOLD
2023-02-13,holding,15544.28,,0.9999885559082031,,1.0032567823816205,,HOLD
2023-02-14,holding,15654.48,,0.9999885559082031,,1.0103692956288377,,HOLD
2023-02-15,holding,15432.89,,0.9999885559082031,,0.9960674643180313,,HOLD
2023-02-16,holding,15550.5,,0.9999885559082031,,1.0036582327663546,,HOLD
2023-02-17,holding,15479.7,,0.9999885559082031,,0.9990886689015362,,HOLD
2023-02-20,holding,15551.23,,0.9999885559082031,,1.0037053483259777,,HOLD
2023-02-21,holding,15563.0,,0.9999885559082031,,1.0044650060475726,,HOLD
2023-02-22,holding,15418.77,,0.9999885559082031,,0.9951561332195676,,HOLD
2023-02-23,holding,15615.41,,0.9999885559082031,,1.0078476450610632,,HOLD
2023-02-24,holding,15503.79,,0.9999885559082031,,1.0006434823690995,,HOLD
2023-03-01,holding,15598.49,,0.9999885559082031,,1.0067555967476065,,HOLD
2023-03-02,holding,15598.72,,0.9999885559082031,,1.0067704413759808,,HOLD
2023-03-03,holding,15608.42,,0.9999885559082031,,1.007396497442206,,HOLD
2023-03-06,holding,15763.51,,0.9999885559082031,,1.0174062948969331,,HOLD
2023-03-07,holding,15857.89,,0.9999885559082031,,1.023497755879441,,HOLD
2023-03-08,holding,15818.2,,0.9999885559082031,,1.020936089356918,,HOLD
2023-03-09,holding,15770.66,,0.9999885559082031,,1.0178677692137899,,HOLD
2023-03-10,holding,15526.2,,0.9999885559082031,,1.002089865507667,,HOLD
2023-03-13,holding,15560.49,,0.9999885559082031,,1.004303005972704,,HOLD
2023-03-14,holding,15360.42,,0.9999885559082031,,0.9913901155428423,,HOLD
2023-03-15,holding,15387.59,,0.9999885559082031,,0.9931437179468976,,HOLD
2023-03-16,holding,15221.12,,0.9999885559082031,,0.9823994340969497,,HOLD
2023-03-17,holding,15452.96,,0.9999885559082031,,0.9973628194983548,,HOLD
2023-03-20,holding,15419.97,,0.9999885559082031,,0.9952335834545645,,HOLD
2023-03-21,holding,15513.45,,0.9999885559082031,,1.0012669567608248,,HOLD
2023-03-22,holding,15760.46,,0.9999885559082031,,1.0172094422163158,,HOLD
2023-03-23,holding,15863.95,,0.9999885559082031,,1.0238888795661756,,HOLD
2023-03-24,holding,15914.7,,0.9999885559082031,,1.0271643790879204,,HOLD
2023-03-27,holding,15830.31,,0.9999885559082031,,1.0217176913117616,,HOLD
2023-03-28,holding,15701.48,,0.9999885559082031,,1.0134027631662172,,HOLD
2023-03-29,holding,15769.76,,0.9999885559082031,,1.0178096815375421,,HOLD
2023-03-30,holding,15849.43,,0.9999885559082031,,1.0229517317227128,,HOLD
2023-03-31,holding,15868.06,,0.9999885559082031,,1.0241541466210398,,HOLD
2023-04-06,holding,15810.77,,0.9999885559082031,,1.020456543318562,,HOLD
2023-04-07,holding,15836.5,,0.9999885559082031,,1.022117205440621,,HOLD
2023-04-10,holding,15876.17,,0.9999885559082031,,1.0246775811258941,,HOLD
2023-04-11,holding,15913.88,,0.9999885559082031,,1.0271114547606723,,HOLD
2023-04-12,holding,15932.97,,0.9999885559082031,,1.0283435589157484,,HOLD
2023-04-13,holding,15804.76,,0.9999885559082031,,1.0200686467249522,,HOLD
2023-04-14,holding,15929.43,,0.9999885559082031,,1.0281150807225075,,HOLD
2023-04-17,holding,15963.55,,0.9999885559082031,,1.0303172490709198,,HOLD
2023-04-18,holding,15869.44,,0.9999885559082031,,1.0242432143912863,,HOLD
2023-04-19,holding,15770.47,,0.9999885559082031,,1.0178555062599153,,HOLD
2023-04-20,holding,15707.52,,0.9999885559082031,,1.0137925960157017,,HOLD
2023-04-21,holding,15602.99,,0.9999885559082031,,1.0070460351288448,,HOLD
2023-04-24,holding,15626.87,,0.9999885559082031,,1.0085872948052836,,HOLD
2023-04-25,holding,15370.73,,0.9999885559082031,,0.9920555421451908,,HOLD
2023-04-26,holding,15374.63,,0.9999885559082031,,0.9923072554089307,,HOLD
2023-04-27,holding,15411.49,,0.9999885559082031,,0.9946862684605863,,HOLD
2023-04-28,holding,15579.18,,0.9999885559082031,,1.005509293382781,,HOLD
2023-05-02,holding,15636.48,,0.9999885559082031,,1.009207542103884,,HOLD
2023-05-03,holding,15553.41,,0.9999885559082031,,1.003846049586222,,HOLD
2023-05-04,holding,15609.03,,0.9999885559082031,,1.0074358679783295,,HOLD
2023-05-05,holding,15626.07,,0.9999885559082031,,1.0085356613152856,,HOLD
2023-05-08,holding,15699.57,,0.9999885559082031,,1.0132794882088472,,HOLD
2023-05-09,holding,15727.7,,0.9999885559082031,,1.0150950508009,,HOLD
2023-05-10,holding,15641.76,,0.9999885559082031,,1.0095483231378706,,HOLD
2023-05-11,holding,15514.64,,0.9999885559082031,,1.0013437615771965,,HOLD
2023-05-12,holding,15502.36,,0.9999885559082031,,1.0005511875057282,,HOLD
2023-05-15,holding,15475.05,,0.9999885559082031,,0.9987885492409231,,HOLD
2023-05-16,holding,15673.9,,0.9999885559082031,,1.011622698598538,,HOLD
2023-05-17,holding,15925.29,,0.9999885559082031,,1.027847877411768,,HOLD
2023-05-18,holding,16101.88,,0.9999885559082031,,1.03924532491019,,HOLD
2023-05-19,holding,16174.92,,0.9999885559082031,,1.0439594625470026,,HOLD
2023-05-22,holding,16180.89,,0.9999885559082031,,1.0443447774661123,,HOLD
2023-05-23,holding,16188.03,,0.9999885559082031,,1.044805606364344,,HOLD
2023-05-24,holding,16159.32,,0.9999885559082031,,1.0429526094920427,,HOLD
2023-05-25,holding,16292.0,,0.9999885559082031,,1.0515160238082022,,HOLD
2023-05-26,holding,16505.05,,0.9999885559082031,,1.0652666676132807,,HOLD
2023-05-29,holding,16636.3,,0.9999885559082031,,1.073737787066069,,HOLD
2023-05-30,holding,16622.74,,0.9999885559082031,,1.0728625994106038,,HOLD
2023-05-31,holding,16578.96,,0.9999885559082031,,1.070036956670466,,HOLD
2023-06-01,holding,16512.65,,0.9999885559082031,,1.0657571857682613,,HOLD
2023-06-02,holding,16706.91,,0.9999885559082031,,1.0782950879770128,,HOLD
2023-06-05,holding,16714.43,,0.9999885559082031,,1.0787804427829935,,HOLD
2023-06-06,holding,16761.66,,0.9999885559082031,,1.0818287549487473,,HOLD
2023-06-07,holding,16922.48,,0.9999885559082031,,1.0922083772755846,,HOLD
2023-06-08,holding,16733.69,,0.9999885559082031,,1.080023519054694,,HOLD
2023-06-09,holding,16886.4,,0.9999885559082031,,1.0898797068766775,,HOLD
2023-06-12,holding,16955.37,,0.9999885559082031,,1.0943311591331253,,HOLD
2023-06-13,holding,17216.6,,0.9999885559082031,,1.11119142987333,,HOLD
2023-06-14,holding,17238.14,,0.9999885559082031,,1.112581661591525,,HOLD
2023-06-15,holding,17334.98,,0.9999885559082031,,1.1188318955557763,,HOLD
2023-06-16,holding,17288.91,,0.9999885559082031,,1.1158584519505197,,HOLD
2023-06-19,holding,17274.56,,0.9999885559082031,,1.1149322762236815,,HOLD
2023-06-20,holding,17184.91,,0.9999885559082031,,1.1091460982507864,,HOLD
2023-06-21,holding,17202.4,,0.9999885559082031,,1.1102749354258667,,HOLD
2023-06-26,holding,17059.24,,0.9999885559082031,,1.101035122390734,,HOLD
2023-06-27,holding,16887.9,,0.9999885559082031,,1.0899765196704236,,HOLD
2023-06-28,holding,16935.63,,0.9999885559082031,,1.093057102767426,,HOLD
2023-06-29,holding,16942.3,,0.9999885559082031,,1.0934875969902838,,HOLD
2023-06-30,holding,16915.54,,0.9999885559082031,,1.0917604567498527,,HOLD
2023-07-03,holding,17084.2,,0.9999885559082031,,1.1026460872786699,,HOLD
2023-07-04,holding,17140.77,,0.9999885559082031,,1.1062972204401498,,HOLD
2023-07-05,holding,17056.43,,0.9999885559082031,,1.1008537597571162,,HOLD
2023-07-06,holding,16762.17,,0.9999885559082031,,1.0818616712986209,,HOLD
2023-07-07,holding,16664.21,,0.9999885559082031,,1.0755391504483722,,HOLD
2023-07-10,holding,16652.8,,0.9999885559082031,,1.0748027277972765,,HOLD
2023-07-11,holding,16898.91,,0.9999885559082031,,1.0906871255765203,,HOLD
2023-07-12,holding,16962.03,,0.9999885559082031,,1.0947610079373582,,HOLD
2023-07-13,holding,17061.4,,0.9999885559082031,,1.1011745328137283,,HOLD
2023-07-14,holding,17283.71,,0.9999885559082031,,1.115522834265533,,HOLD
2023-07-17,holding,17334.29,,0.9999885559082031,,1.1187873616706532,,HOLD
2023-07-18,holding,17227.91,,0.9999885559082031,,1.1119213983381762,,HOLD
2023-07-19,holding,17116.44,,0.9999885559082031,,1.104726916925587,,HOLD
2023-07-20,holding,17164.89,,0.9999885559082031,,1.1078539701635879,,HOLD
2023-07-21,holding,17030.7,,0.9999885559082031,,1.0991930976350572,,HOLD
2023-07-24,holding,17033.61,,0.9999885559082031,,1.0993809144549247,,HOLD
2023-07-25,holding,17198.89,,0.9999885559082031,,1.1100483934885006,,HOLD
2023-07-26,holding,17162.55,,0.9999885559082031,,1.1077029422053437,,HOLD
2023-07-27,holding,17241.82,,0.9999885559082031,,1.1128191756455155,,HOLD
2023-07-28,idle,17292.93,1.0,,WAIT,,0.0,
2023-07-31,idle,17145.43,1.0,,WAIT,,1.0,
2023-08-01,idle,17212.87,1.0,,WAIT,,0.0,
2023-08-02,idle,16893.73,1.0,,WAIT,,0.0,
2023-08-04,idle,16843.68,1.0,,WAIT,,0.0,
2023-08-07,idle,16996.0,0.9999961853027344,,WAIT,,0.0,
2023-08-08,idle,16877.07,1.0,,WAIT,,0.0,
2023-08-09,idle,16870.94,1.0,,WAIT,,0.0,
2023-08-10,idle,16634.7,1.0,,WAIT,,0.0,
2023-08-11,idle,16601.25,1.0,,WAIT,,0.0,
2023-08-14,idle,16393.66,1.0,,WAIT,,0.0,
2023-08-15,idle,16454.8,0.9999998807907104,,WAIT,,0.0,
2023-08-16,idle,16446.78,1.0,,WAIT,,0.0,
2023-08-17,idle,16516.66,0.9999076128005981,,WAIT,,0.0,
2023-08-18,idle,16381.31,1.0,,WAIT,,0.0,
2023-08-21,idle,16381.49,0.9999998807907104,,WAIT,,0.0,
2023-08-22,idle,16437.61,1.0,,WAIT,,0.0,
2023-08-23,idle,16576.9,0.999998927116394,,WAIT,,0.0,
2023-08-24,idle,16770.87,1.0,,WAIT,,0.0,
2023-08-25,idle,16481.58,1.0,,WAIT,,0.0,
2023-08-28,idle,16509.26,1.0,,WAIT,,0.0,
2023-08-29,idle,16623.65,1.0,,WAIT,,0.0,
2023-08-30,idle,16719.82,1.0,,WAIT,,0.0,
2023-08-31,idle,16634.51,1.0,,WAIT,,0.0,
2023-09-01,idle,16644.94,1.0,,WAIT,,0.0,
2023-09-04,idle,16789.69,0.9999998807907104,,WAIT,,0.0,
2023-09-05,idle,16791.61,1.0,,WAIT,,0.0,
2023-09-06,idle,16738.16,1.0,,WAIT,,1.0,
2023-09-07,idle,16619.14,1.0,,WAIT,,0.0,
2023-09-08,idle,16576.02,0.9999998807907104,,WAIT,,0.0,
2023-09-11,idle,16432.95,1.0,,WAIT,,0.0,
2023-09-12,idle,16572.71,1.0,,WAIT,,0.0,
2023-09-13,idle,16581.51,1.0,,WAIT,,0.0,
2023-09-14,idle,16807.56,1.0,,WAIT,,0.0,
2023-09-15,idle,16920.92,1.0,,WAIT,,1.0,
2023-09-18,idle,16698.24,1.0,,WAIT,,0.0,
2023-09-19,idle,16636.32,1.0,,WAIT,,0.0,
2023-09-20,idle,16534.75,1.0,,WAIT,,0.0,
2023-09-21,idle,16316.67,1.0,,WAIT,,0.0,
2023-09-22,idle,16344.48,0.9999958276748657,,WAIT,,0.0,
2023-09-25,idle,16452.23,1.0,,WAIT,,0.0,
2023-09-26,idle,16276.07,1.0,,WAIT,,0.0,
2023-09-27,idle,16310.36,1.0,,WAIT,,0.0,
2023-09-28,idle,16353.74,1.0,,WAIT,,0.0,
2023-10-02,idle,16557.31,1.0,,WAIT,,0.0,
2023-10-03,idle,16454.34,1.0,,WAIT,,0.0,
2023-10-04,idle,16273.38,0.9999998807907104,,WAIT,,0.0,
2023-10-05,idle,16453.52,1.0,,WAIT,,0.0,
2023-10-06,idle,16520.57,1.0,,WAIT,,0.0,
2023-10-11,idle,16672.03,1.0,,WAIT,,1.0,
2023-10-12,idle,16825.91,1.0,,WAIT,,1.0,
2023-10-13,idle,16782.57,1.0,,WAIT,,0.0,
2023-10-16,idle,16652.24,1.0,,WAIT,,0.0,
2023-10-17,idle,16642.55,1.0,,WAIT,,0.0,
2023-10-18,idle,16440.91,0.9666491150856018,,WAIT,,0.0,
2023-10-19,idle,16452.73,1.0,,WAIT,,0.0,
2023-10-20,idle,16440.72,0.9999990463256836,,WAIT,,0.0,
2023-10-23,idle,16251.36,1.0,,WAIT,,0.0,
2023-10-24,idle,16309.76,0.9999995231628418,,WAIT,,0.0,
2023-10-25,idle,16358.89,1.0,,WAIT,,0.0,
2023-10-26,idle,16073.74,1.0,,WAIT,,0.0,
2023-10-27,idle,16134.61,0.9999997615814209,,WAIT,,0.0,
2023-10-30,idle,16149.68,1.0,,WAIT,,0.0,
2023-10-31,idle,16001.27,1.0,,WAIT,,0.0,
2023-11-01,idle,16038.56,0.999998927116394,,WAIT,,0.0,
2023-11-02,idle,16396.95,0.902777373790741,,WAIT,,0.0,
2023-11-03,idle,16507.65,1.0,,WAIT,,1.0,
2023-11-06,idle,16649.36,1.0,,WAIT,,1.0,
2023-11-07,idle,16684.95,1.0,,WAIT,,0.0,
2023-11-08,idle,16740.83,1.0,,WAIT,,1.0,
2023-11-09,idle,16745.65,1.0,,WAIT,,0.0,
2023-11-10,idle,16682.67,1.0,,WAIT,,0.0,
2023-11-13,idle,16839.29,0.9996966123580933,,WAIT,,1.0,
2023-11-14,idle,16915.71,1.0,,WAIT,,0.0,
2023-11-15,idle,17128.78,1.0,,WAIT,,1.0,
2023-11-16,idle,17171.18,0.9948739409446716,,WAIT,,1.0,
2023-11-17,idle,17208.95,1.0,,WAIT,,1.0,
2023-11-20,idle,17210.47,0.9998051524162292,,WAIT,,0.0,
2023-11-21,idle,17416.7,1.0,,WAIT,,1.0,
2023-11-22,idle,17310.26,1.0,,WAIT,,0.0,
2023-11-23,idle,17294.55,0.9999966621398926,,WAIT,,0.0,
2023-11-24,idle,17287.42,1.0,,WAIT,,0.0,
2023-11-27,idle,17137.42,1.0,,WAIT,,0.0,
2023-11-28,idle,17341.25,0.9999998807907104,,WAIT,,0.0,
2023-11-29,idle,17370.56,0.9999998807907104,,WAIT,,1.0,
2023-11-30,idle,17433.85,1.0,,WAIT,,0.0,
2023-12-01,idle,17438.35,1.0,,WAIT,,1.0,
2023-12-04,idle,17421.48,0.9999986886978149,,WAIT,,1.0,
2023-12-05,idle,17328.01,1.0,,WAIT,,0.0,
2023-12-06,idle,17360.72,1.0,,WAIT,,0.0,
2023-12-07,idle,17278.74,1.0,,WAIT,,0.0,
2023-12-08,idle,17383.99,0.9999998807907104,,WAIT,,0.0,
2023-12-11,idle,17418.34,1.0,,WAIT,,0.0,
2023-12-12,idle,17450.63,1.0,,WAIT,,1.0,
2023-12-13,idle,17468.93,1.0,,WAIT,,0.0,
2023-12-14,idle,17653.11,1.0,,WAIT,,1.0,
2023-12-15,idle,17673.87,1.0,,WAIT,,1.0,
2023-12-18,idle,17652.03,1.0,,WAIT,,0.0,
2023-12-19,idle,17576.55,1.0,,WAIT,,0.0,
2023-12-20,idle,17635.2,1.0,,WAIT,,0.0,
2023-12-21,idle,17543.74,1.0,,WAIT,,0.0,
2023-12-22,idle,17596.63,0.9999986886978149,,WAIT,,0.0,
2023-12-25,idle,17604.84,1.0,,WAIT,,0.0,
2023-12-26,idle,17751.73,1.0,,WAIT,,1.0,
2023-12-27,idle,17891.5,1.0,,WAIT,,1.0,
2023-12-28,idle,17910.37,1.0,,WAIT,,1.0,
2023-12-29,idle,17930.81,1.0,,WAIT,,1.0,
2024-01-02,idle,17853.76,1.0,,WAIT,,1.0,
2024-01-03,idle,17559.31,1.0,,WAIT,,0.0,
2024-01-04,idle,17549.65,1.0,,WAIT,,0.0,
2024-01-05,idle,17519.14,1.0,,WAIT,,0.0,
2024-01-08,idle,17572.66,1.0,,WAIT,,0.0,
2024-01-09,idle,17535.49,1.0,,WAIT,,0.0,
2024-01-10,idle,17465.63,1.0,,WAIT,,0.0,
2024-01-11,idle,17545.32,1.0,,WAIT,,0.0,
2024-01-12,idle,17512.83,1.0,,WAIT,,0.0,
2024-01-15,idle,17546.82,1.0,,WAIT,,0.0,
2024-01-16,idle,17346.87,1.0,,WAIT,,0.0,
2024-01-17,idle,17161.79,1.0,,WAIT,,0.0,
2024-01-18,idle,17227.79,1.0,,WAIT,,0.0,
2024-01-19,idle,17681.52,0.9999972581863403,,WAIT,,0.0,
2024-01-22,idle,17815.1,1.0,,WAIT,,1.0,
2024-01-23,idle,17874.59,1.0,,WAIT,,1.0,
2024-01-24,idle,17875.83,1.0,,WAIT,,1.0,
2024-01-25,idle,18002.62,1.0,,WAIT,,1.0,
2024-01-26,idle,17995.03,0.9999997615814209,,WAIT,,1.0,
2024-01-29,idle,18119.63,0.9999955892562866,,WAIT,,1.0,
2024-01-30,idle,18034.63,1.0,,WAIT,,1.0,
2024-01-31,idle,17889.56,1.0,,WAIT,,0.0,
2024-02-01,idle,17968.11,1.0,,WAIT,,0.0,
2024-02-02,idle,18059.93,1.0,,WAIT,,0.0,
2024-02-05,idle,18096.07,1.0,,WAIT,,0.0,
2024-02-15,idle,18644.57,0.9570319652557373,,WAIT,,1.0,
2024-02-16,idle,18607.25,1.0,,WAIT,,0.0,
2024-02-19,idle,18635.8,1.0,,WAIT,,0.0,
2024-02-20,idle,18753.16,0.9999998807907104,,WAIT,,1.0,
2024-02-21,idle,18676.31,1.0,,WAIT,,0.0,
2024-02-22,idle,18852.78,0.9999994039535522,,WAIT,,1.0,
2024-02-23,idle,18889.19,1.0,,WAIT,,1.0,
2024-02-26,idle,18948.05,1.0,,WAIT,,0.0,
2024-02-27,idle,18854.41,1.0,,WAIT,,1.0,
2024-02-29,idle,18966.77,0.9999995231628418,,WAIT,,0.0,
2024-03-01,idle,18935.93,1.0,,WAIT,,1.0,
2024-03-04,idle,19305.31,0.9999982118606567,,WAIT,,1.0,
2024-03-05,idle,19386.92,1.0,,WAIT,,1.0,
2024-03-06,idle,19499.45,1.0,,WAIT,,1.0,
2024-03-07,idle,19693.52,1.0,,WAIT,,1.0,
2024-03-08,idle,19785.32,1.0,,WAIT,,1.0,
2024-03-11,idle,19726.08,1.0,,WAIT,,0.0,
2024-03-12,idle,19914.55,0.9999998807907104,,WAIT,,0.0,
2024-03-13,idle,19928.51,1.0,,WAIT,,1.0,
2024-03-14,idle,19937.92,1.0,,WAIT,,0.0,
2024-03-15,idle,19682.5,1.0,,WAIT,,0.0,
2024-03-18,idle,19879.85,1.0,,WAIT,,0.0,
2024-03-19,idle,19857.2,1.0,,WAIT,,0.0,
2024-03-20,idle,19784.45,1.0,,WAIT,,0.0,
2024-03-21,idle,20199.09,0.9995346069335938,,WAIT,,1.0,
2024-03-22,idle,20228.43,1.0,,WAIT,,1.0,
2024-03-25,idle,20192.25,0.9999978542327881,,WAIT,,0.0,
2024-03-26,idle,20126.49,1.0,,WAIT,,1.0,
2024-03-27,idle,20200.12,1.0,,WAIT,,0.0,
2024-03-28,idle,20146.55,1.0,,WAIT,,0.0,
2024-03-29,idle,20294.45,1.0,,WAIT,,0.0,
2024-04-01,idle,20222.33,1.0,,WAIT,,0.0,
2024-04-02,idle,20466.57,1.0,,WAIT,,1.0,
2024-04-03,idle,20337.6,1.0,,WAIT,,0.0,
2024-04-08,idle,20417.7,1.0,,WAIT,,1.0,
2024-04-09,idle,20796.2,1.0,,WAIT,,1.0,
2024-04-10,idle,20763.53,1.0,,WAIT,,1.0,
2024-04-11,idle,20753.22,1.0,,WAIT,,0.0,
2024-04-12,idle,20736.57,1.0,,WAIT,,0.0,
2024-04-15,idle,20449.77,1.0,,WAIT,,0.0,
2024-04-16,idle,19901.96,1.0,,WAIT,,0.0,
2024-04-17,idle,20213.33,1.0,,WAIT,,0.0,
2024-04-18,idle,20301.2,1.0,,WAIT,,0.0,
2024-04-19,idle,19527.12,1.0,,WAIT,,0.0,
2024-04-22,idle,19411.22,1.0,,WAIT,,0.0,
2024-04-23,idle,19599.28,1.0,,WAIT,,0.0,
2024-04-24,idle,20131.74,1.0,,WAIT,,0.0,
2024-04-25,idle,19857.42,1.0,,WAIT,,0.0,
2024-04-26,idle,20120.51,0.9999881982803345,,WAIT,,0.0,
2024-04-29,idle,20495.52,1.0,,WAIT,,0.0,
2024-04-30,idle,20396.6,1.0,,WAIT,,1.0,
2024-05-02,idle,20222.44,1.0,,WAIT,,0.0,
2024-05-03,idle,20330.32,1.0,,WAIT,,0.0,
2024-05-06,idle,20523.31,1.0,,WAIT,,1.0,
2024-05-07,idle,20653.53,1.0,,WAIT,,1.0,
2024-05-08,idle,20700.51,0.9999996423721313,,WAIT,,1.0,
2024-05-09,idle,20560.77,1.0,,WAIT,,1.0,
2024-05-10,idle,20708.84,1.0,,WAIT,,1.0,
2024-05-13,idle,20857.71,0.9999998807907104,,WAIT,,1.0,
2024-05-14,idle,20985.85,1.0,,WAIT,,1.0,
2024-05-15,idle,21147.21,1.0,,WAIT,,1.0,
2024-05-16,idle,21304.26,1.0,,WAIT,,1.0,
2024-05-17,idle,21258.47,1.0,,WAIT,,0.0,
2024-05-20,idle,21271.63,1.0,,WAIT,,0.0,
2024-05-21,idle,21236.75,1.0,,WAIT,,0.0,
2024-05-22,idle,21551.83,1.0,,WAIT,,1.0,
2024-05-23,idle,21607.43,0.9995734095573425,,WAIT,,1.0,
2024-05-24,idle,21565.34,1.0,,WAIT,,0.0,
2024-05-27,idle,21803.77,1.0,,WAIT,,1.0,
2024-05-28,idle,21858.41,1.0,,WAIT,,1.0,
2024-05-29,idle,21662.5,1.0,,WAIT,,0.0,
2024-05-30,idle,21364.48,1.0,,WAIT,,0.0,
2024-05-31,idle,21174.22,1.0,,WAIT,,0.0,
2024-06-03,idle,21536.76,1.0,,WAIT,,0.0,
2024-06-04,idle,21356.62,1.0,,WAIT,,0.0,
2024-06-05,idle,21484.88,1.0,,WAIT,,0.0,
2024-06-06,idle,21902.7,1.0,,WAIT,,1.0,
2024-06-07,idle,21858.38,1.0,,WAIT,,0.0,
2024-06-11,idle,21792.12,0.9999998807907104,,WAIT,,1.0,
2024-06-12,idle,22048.96,1.0,,WAIT,,1.0,
2024-06-13,idle,22312.04,1.0,,WAIT,,1.0,
2024-06-14,idle,22504.72,1.0,,WAIT,,1.0,
2024-06-17,idle,22496.53,1.0,,WAIT,,1.0,
2024-06-18,idle,22757.43,1.0,,WAIT,,1.0,
2024-06-19,idle,23209.54,1.0,,WAIT,,1.0,
2024-06-20,idle,23406.1,1.0,,WAIT,,1.0,
2024-06-21,idle,23253.39,1.0,,WAIT,,0.0,
2024-06-24,idle,22813.7,1.0,,WAIT,,0.0,
2024-06-25,idle,22875.97,1.0,,WAIT,,0.0,
2024-06-26,idle,22986.69,0.9999861717224121,,WAIT,,0.0,
2024-06-27,idle,22905.98,1.0,,WAIT,,0.0,
2024-06-28,idle,23032.25,1.0,,WAIT,,0.0,
2024-07-01,idle,23058.57,1.0,,WAIT,,0.0,
2024-07-02,idle,22879.37,1.0,,WAIT,,0.0,
2024-07-03,idle,23172.43,1.0,,WAIT,,0.0,
2024-07-04,idle,23522.53,1.0,,WAIT,,1.0,
2024-07-05,idle,23556.59,1.0,,WAIT,,1.0,
2024-07-08,idle,23878.15,1.0,,WAIT,,1.0,
2024-07-09,idle,23900.08,1.0,,WAIT,,1.0,
2024-07-10,idle,24007.08,1.0,,WAIT,,0.0,
2024-07-11,idle,24390.03,1.0,,WAIT,,1.0,
2024-07-12,idle,23916.93,1.0,,WAIT,,0.0,
2024-07-15,idle,23879.36,1.0,,WAIT,,0.0,
2024-07-16,idle,23997.25,1.0,,WAIT,,0.0,
2024-07-17,idle,23769.82,1.0,,WAIT,,0.0,
2024-07-18,idle,23398.47,1.0,,WAIT,,0.0,
2024-07-19,idle,22869.26,1.0,,WAIT,,0.0,
2024-07-22,idle,22256.99,1.0,,WAIT,,0.0,
2024-07-23,idle,22871.84,1.0,,WAIT,,0.0,
2024-07-26,idle,22119.21,1.0,,WAIT,,0.0,
2024-07-29,idle,22164.49,1.0,,WAIT,,0.0,
2024-07-30,idle,22223.57,1.0,,WAIT,,0.0,
2024-07-31,idle,22199.35,1.0,,WAIT,,0.0,
2024-08-01,idle,22642.1,1.0,,WAIT,,0.0,
2024-08-02,idle,21638.09,1.0,,WAIT,,0.0,
2024-08-05,idle,19830.88,1.0,,WAIT,,0.0,
2024-08-06,idle,20501.02,1.0,,WAIT,,0.0,
2024-08-07,idle,21295.28,1.0,,WAIT,,0.0,
2024-08-08,idle,20870.1,1.0,,WAIT,,0.0,
2024-08-09,idle,21469.0,0.9999978542327881,,WAIT,,0.0,
2024-08-12,idle,21773.26,1.0,,WAIT,,0.0,
2024-08-13,idle,21796.57,1.0,,WAIT,,0.0,
2024-08-14,idle,22027.25,1.0,,WAIT,,0.0,
2024-08-15,idle,21895.17,1.0,,WAIT,,0.0,
2024-08-16,idle,22349.33,0.9999170303344727,,BUY,,1.0,
2024-08-19,holding,22409.63,,0.9999885559082031,,1.0026980674588455,,HOLD
2024-08-20,holding,22429.1,,0.9999885559082031,,1.003569234513965,,HOLD
2024-08-21,holding,22237.89,,0.9999885559082031,,0.9950137207692579,,HOLD
2024-08-22,holding,22148.83,,0.9999884366989136,,0.9910288138391621,,HOLD
2024-08-23,holding,22158.05,,0.9999885559082031,,0.9914413541703486,,HOLD
2024-08-26,holding,22240.12,,0.9999885559082031,,0.9951135000467575,,HOLD
2024-08-27,holding,22185.0,,0.9999885559082031,,0.9926472068737631,,HOLD
2024-08-28,holding,22370.66,,0.9999885559082031,,1.000954391026487,,HOLD
2024-08-29,holding,22201.85,,0.9999884366989136,,0.9934011444638384,,HOLD
2024-08-30,holding,22268.09,,0.9999885559082031,,0.996364991702212,,HOLD
2024-09-02,holding,22235.1,,0.9999885559082031,,0.9948888848122067,,HOLD
2024-09-03,holding,22092.21,,0.9999884366989136,,0.9884954045602261,,HOLD
2024-09-04,holding,21092.75,,0.9999884366989136,,0.9437754957307444,,HOLD
2024-09-05,holding,21187.71,,0.9999884366989136,,0.9480243926775432,,HOLD
2024-09-06,holding,21435.19,,0.9999884366989136,,0.9590976552764667,,HOLD
2024-09-09,holding,21144.44,,0.9999884366989136,,0.9460883167414861,,HOLD
2024-09-10,holding,21064.08,,0.9999884366989136,,0.9424926832258507,,HOLD
2024-09-11,holding,21031.0,,0.9999884366989136,,0.9410125493694889,,HOLD
2024-09-12,holding,21653.25,,0.9999884366989136,,0.9688545473175257,,HOLD
2024-09-13,holding,21759.65,,0.9999885559082031,,0.9736153164323047,,HOLD
2024-09-16,holding,21850.08,,0.9999885559082031,,0.9776615227391604,,HOLD
2024-09-18,holding,21678.84,,0.9999885559082031,,0.9699995480848866,,HOLD
2024-09-19,holding,22042.69,,0.9999885559082031,,0.9862796781827463,,HOLD
2024-09-20,holding,22159.42,,0.9999885559082031,,0.9915026535471084,,HOLD
2024-09-23,holding,22285.53,,0.9999885559082031,,0.9971453282939576,,HOLD
2024-09-24,holding,22431.78,,0.9999885559082031,,1.003689148623247,,HOLD
2024-09-25,holding,22761.6,,0.9999885559082031,,1.018446637997649,,HOLD
2024-09-26,holding,22858.81,,0.9999885559082031,,1.0227962091033602,,HOLD
2024-09-27,holding,22822.79,,0.9999885559082031,,1.0211845276793532,,HOLD
2024-09-30,holding,22224.54,,0.9999885559082031,,0.9944163874263792,,HOLD
2024-10-01,holding,22390.39,,0.9999885559082031,,1.00183719153997,,HOLD
2024-10-04,holding,22302.71,,0.9999885559082031,,0.9979140314273403,,HOLD
2024-10-07,holding,22702.56,,0.9999885559082031,,1.0158049480677944,,HOLD
2024-10-08,holding,22611.39,,0.9999885559082031,,1.0117256311486742,,HOLD
2024-10-09,holding,22659.08,,0.9999885559082031,,1.0138594758769055,,HOLD
2024-10-11,holding,22901.64,,0.9999885559082031,,1.024712597648341,,HOLD
2024-10-14,holding,22975.29,,0.9999885559082031,,1.0280079984500654,,HOLD
2024-10-15,holding,23292.04,,0.9999885559082031,,1.0421806828213642,,HOLD
2024-10-16,holding,23010.98,,0.9999885559082031,,1.029604914330765,,HOLD
2024-10-17,holding,23053.84,,0.9999885559082031,,1.031522645197865,,HOLD
2024-10-18,holding,23487.27,,0.9999885559082031,,1.0509160677299945,,HOLD
2024-10-21,holding,23542.53,,0.9999885559082031,,1.0533886250728768,,HOLD
2024-10-22,holding,23535.43,,0.9999885559082031,,1.0530709421714208,,HOLD
2024-10-23,holding,23334.76,,0.9999885559082031,,1.044092149518576,,HOLD
2024-10-24,holding,23192.52,,0.9999885559082031,,1.0377277529125033,,HOLD
2024-10-25,holding,23348.45,,0.9999885559082031,,1.0447046958454682,,HOLD
2024-10-28,holding,23198.07,,0.9999885559082031,,1.0379760825044866,,HOLD
2024-10-29,holding,22926.59,,0.9999885559082031,,1.0258289622105001,,HOLD
2024-10-30,holding,22820.43,,0.9999885559082031,,1.021078931672672,,HOLD
2024-11-01,holding,22780.08,,0.9999885559082031,,1.0192735084228475,,HOLD
2024-11-04,holding,22965.39,,0.9999885559082031,,1.0275650321508518,,HOLD
2024-11-05,holding,23106.79,,0.9999885559082031,,1.0338918437375975,,HOLD
2024-11-06,holding,23217.38,,0.9999885559082031,,1.038840090508306,,HOLD
2024-11-07,holding,23408.82,,0.9999885559082031,,1.0474058953892578,,HOLD
2024-11-08,holding,23553.89,,0.9999885559082031,,1.0538969177152067,,HOLD
2024-11-11,holding,23529.64,,0.9999885559082031,,1.0528118740024868,,HOLD
2024-11-12,holding,22981.77,,0.9999885559082031,,1.0282979400277323,,HOLD
2024-11-13,holding,22860.23,,0.9999885559082031,,1.0228597456836512,,HOLD
2024-11-14,holding,22715.38,,0.9999885559082031,,1.0163785670532406,,HOLD
2024-11-15,holding,22742.77,,0.9999885559082031,,1.017604107147731,,HOLD
2024-11-18,holding,22546.54,,0.9999885559082031,,1.008823978168473,,HOLD
2024-11-19,holding,22848.8,,0.9999885559082031,,1.0223483209563775,,HOLD
2024-11-20,holding,22688.36,,0.9999885559082031,,1.015169582264882,,HOLD
2024-11-21,holding,22555.66,,0.9999885559082031,,1.0092320440925968,,HOLD
2024-11-22,holding,22904.32,,0.9999885559082031,,1.0248325117576231,,HOLD
2024-11-25,holding,22948.37,,0.9999885559082031,,1.0268034880687698,,HOLD
2024-11-26,holding,22678.76,,0.9999884366989136,,1.0147400391868568,,HOLD
2024-11-27,holding,22334.78,,0.9999884366989136,,0.999348973772368,,HOLD
2024-11-28,holding,22298.9,,0.9999884366989136,,0.9977435565182491,,HOLD
2024-11-29,holding,22262.5,,0.9999884366989136,,0.9961148723474036,,HOLD
2024-12-02,holding,22736.93,,0.9999884366989136,,1.0173428017752657,,HOLD
2024-12-03,holding,23027.46,,0.9999884366989136,,1.0303422966147082,,HOLD
2024-12-04,holding,23255.33,,0.9999885559082031,,1.0405381279886243,,HOLD
2024-12-05,holding,23267.94,,0.9999885559082031,,1.0411023507192385,,HOLD
2024-12-06,holding,23193.27,,0.9999885559082031,,1.037761310965474,,HOLD
2024-12-09,holding,23273.25,,0.9999885559082031,,1.0413399417342712,,HOLD
2024-12-10,holding,23125.08,,0.9999885559082031,,1.0347102127893766,,HOLD
2024-12-11,holding,22903.63,,0.9999885559082031,,1.02480163834889,,HOLD
2024-12-12,holding,23046.8,,0.9999885559082031,,1.0312076469406464,,HOLD
2024-12-13,holding,23020.48,,0.9999885559082031,,1.0300299830017274,,HOLD
2024-12-16,holding,23039.9,,0.9999885559082031,,1.030898912853316,,HOLD
2024-12-17,holding,23018.01,,0.9999885559082031,,1.0299194651472772,,HOLD
2024-12-18,holding,23168.67,,0.9999885559082031,,1.0366606068280344,,HOLD
2024-12-19,holding,22932.25,,0.9999885559082031,,1.0260822136502525,,HOLD
2024-12-20,holding,22510.25,,0.9999885559082031,,1.0072002158453965,,HOLD
2024-12-23,holding,23104.54,,0.9999885559082031,,1.0337911695786852,,HOLD
2024-12-24,holding,23120.24,,0.9999885559082031,,1.034493651487539,,HOLD
2024-12-25,holding,23220.13,,0.9999885559082031,,1.038963136702532,,HOLD
2024-12-26,holding,23246.94,,0.9999885559082031,,1.0401627252360583,,HOLD
2024-12-27,holding,23275.68,,0.9999885559082031,,1.0414486698258962,,HOLD
2024-12-30,holding,23190.2,,0.9999885559082031,,1.0376239466686472,,HOLD
2024-12-31,holding,23035.1,,0.9999885559082031,,1.0306841413143033,,HOLD
2025-01-02,holding,22832.06,,0.9999885559082031,,1.0215993052140713,,HOLD
2025-01-03,holding,22908.3,,0.9999885559082031,,1.025010593158721,,HOLD
2025-01-06,holding,23547.71,,0.9999885559082031,,1.0536203993587279,,HOLD
2025-01-07,holding,23651.27,,0.9999885559082031,,1.0582540953129242,,HOLD
2025-01-08,holding,23407.33,,0.9999885559082031,,1.0473392267240227,,HOLD
2025-01-09,holding,23081.13,,0.9999885559082031,,1.0327437108852928,,HOLD
2025-01-10,holding,23011.86,,0.9999885559082031,,1.0296442891129174,,HOLD
2025-01-13,holding,22488.33,,0.9999884366989136,,1.0062194258172392,,HOLD
2025-01-14,holding,22797.52,,0.9999884366989136,,1.0200538450145933,,HOLD
2025-01-15,holding,22514.57,,0.9999884366989136,,1.0073935102305078,,HOLD
2025-01-16,holding,23025.1,,0.9999884366989136,,1.030236700608027,,HOLD
2025-01-17,holding,23148.08,,0.9999885559082031,,1.035739326413812,,HOLD
2025-01-20,holding,23266.82,,0.9999884366989136,,1.0410522373601356,,HOLD
2025-01-21,holding,23300.01,,0.9999885559082031,,1.0425372930642662,,HOLD
2025-01-22,holding,23525.41,,0.9999885559082031,,1.0526226065837319,,HOLD
2025-02-03,holding,22694.71,,0.9999885559082031,,1.0154537071133676,,HOLD
2025-02-04,holding,22793.96,,0.9999884366989136,,1.019894556123159,,HOLD
2025-02-05,holding,23161.58,,0.9999885559082031,,1.036343371367285,,HOLD
2025-02-06,holding,23316.6,,0.9999885559082031,,1.0432795971959785,,HOLD
2025-02-07,holding,23478.27,,0.9999885559082031,,1.050513371094346,,HOLD
2025-02-10,holding,23252.14,,0.9999885559082031,,1.040395394403322,,HOLD
2025-02-11,holding,23384.05,,0.9999885559082031,,1.0462975847598115,,HOLD
2025-02-12,holding,23289.75,,0.9999885559082031,,1.042078218899627,,HOLD
2025-02-13,holding,23399.41,,0.9999885559082031,,1.0469848536846518,,HOLD
2025-02-14,holding,23152.61,,0.9999885559082031,,1.035942017053755,,HOLD
2025-02-17,holding,23505.33,,0.9999885559082031,,1.0517241456455295,,HOLD
2025-02-18,holding,23666.11,,0.9999885559082031,,1.0589180973210381,,HOLD
2025-02-19,holding,23604.08,,0.9999885559082031,,1.056142622620007,,HOLD
2025-02-20,idle,23487.46,1.0,,WAIT,,0.0,
2025-02-21,idle,23730.25,1.0,,WAIT,,1.0,
2025-02-24,idle,23565.31,1.0,,WAIT,,0.0,
2025-02-25,idle,23285.72,1.0,,WAIT,,0.0,
2025-02-26,idle,23402.55,1.0,,WAIT,,0.0,
2025-02-27,idle,23053.18,1.0,,WAIT,,0.0,
2025-03-03,idle,22756.25,1.0,,WAIT,,0.0,
2025-03-04,idle,22596.88,1.0,,WAIT,,0.0,
2025-03-05,idle,22871.9,1.0,,WAIT,,0.0,
2025-03-06,idle,22715.43,1.0,,WAIT,,0.0,
2025-03-07,idle,22576.07,1.0,,WAIT,,0.0,
2025-03-10,idle,22459.15,1.0,,WAIT,,0.0,
2025-03-11,idle,22071.09,1.0,,WAIT,,0.0,
2025-03-12,idle,22278.36,0.5200768113136292,,FILTERED,,0.0,
2025-03-13,idle,21961.68,1.0,,WAIT,,0.0,
2025-03-14,idle,21968.05,0.9999997615814209,,WAIT,,0.0,
2025-03-17,idle,22118.63,1.0,,WAIT,,0.0,
2025-03-18,idle,22271.67,1.0,,WAIT,,0.0,
2025-03-19,idle,21960.83,1.0,,WAIT,,0.0,
2025-03-20,idle,22377.26,0.9999532699584961,,WAIT,,0.0,
2025-03-21,idle,22209.1,1.0,,WAIT,,0.0,
2025-03-24,idle,22106.64,0.9999879598617554,,WAIT,,0.0,
2025-03-25,idle,22273.19,0.9999998807907104,,WAIT,,0.0,
2025-03-26,idle,22260.29,0.9999985694885254,,WAIT,,0.0,
2025-03-27,idle,21951.76,1.0,,WAIT,,0.0,
2025-03-28,idle,21602.89,0.9999802112579346,,WAIT,,0.0,
2025-03-31,idle,20695.9,1.0,,WAIT,,0.0,
2025-04-01,idle,21280.17,1.0,,WAIT,,0.0,
2025-04-02,idle,21298.22,1.0,,WAIT,,0.0,
2025-04-07,idle,19232.35,1.0,,WAIT,,0.0,
2025-04-08,idle,18459.95,1.0,,WAIT,,0.0,
2025-04-09,idle,17391.76,1.0,,WAIT,,0.0,
2025-04-10,idle,19000.03,0.9964411854743958,,FILTERED,,0.0,
2025-04-11,idle,19528.77,0.9999973773956299,,FILTERED,,0.0,
2025-04-14,idle,19513.09,0.9878851771354675,,WAIT,,0.0,
2025-04-15,idle,19857.67,0.9999998807907104,,WAIT,,0.0,
2025-04-16,idle,19468.0,0.9995396137237549,,WAIT,,0.0,
2025-04-17,idle,19338.73,1.0,,FILTERED,,0.0,
2025-04-18,idle,19395.03,0.9968162178993225,,FILTERED,,0.0,
2025-04-21,idle,19106.2,0.9232273697853088,,FILTERED,,0.0,
2025-04-22,idle,18793.43,0.9356231093406677,,WAIT,,0.0,
2025-04-23,idle,19639.14,1.0,,FILTERED,,0.0,
2025-04-24,idle,19478.81,0.9999978542327881,,WAIT,,0.0,
2025-04-25,idle,19872.73,0.9999998807907104,,FILTERED,,0.0,
2025-04-28,idle,20034.41,1.0,,WAIT,,1.0,
2025-04-29,idle,20232.63,0.9999990463256836,,WAIT,,1.0,
2025-04-30,idle,20235.03,0.9999804496765137,,WAIT,,1.0,
2025-05-02,idle,20787.64,0.9999954700469971,,WAIT,,1.0,
2025-05-05,idle,20532.99,1.0,,WAIT,,1.0,
2025-05-06,idle,20522.59,1.0,,WAIT,,0.0,
2025-05-07,idle,20546.49,0.9999998807907104,,WAIT,,0.0,
2025-05-08,idle,20543.4,1.0,,WAIT,,0.0,
2025-05-09,idle,20915.04,1.0,,WAIT,,1.0,
2025-05-12,idle,21129.54,1.0,,WAIT,,1.0,
2025-05-13,idle,21330.14,1.0,,WAIT,,1.0,
2025-05-14,idle,21782.87,1.0,,WAIT,,1.0,
2025-05-15,idle,21730.25,1.0,,WAIT,,1.0,
2025-05-16,idle,21843.69,1.0,,WAIT,,1.0,
2025-05-19,idle,21523.83,1.0,,WAIT,,0.0,
2025-05-20,idle,21526.03,1.0,,WAIT,,0.0,
2025-05-21,idle,21803.91,1.0,,WAIT,,1.0,
2025-05-22,idle,21670.96,1.0,,WAIT,,0.0,
2025-05-23,idle,21652.24,1.0,,WAIT,,0.0,
2025-05-26,idle,21536.57,1.0,,WAIT,,0.0,
2025-05-27,idle,21336.54,1.0,,WAIT,,0.0,
2025-05-28,idle,21357.72,1.0,,WAIT,,0.0,
2025-05-29,idle,21347.3,1.0,,WAIT,,0.0,
2025-06-02,idle,21002.71,1.0,,WAIT,,0.0,
2025-06-03,idle,21126.93,1.0,,WAIT,,0.0,
2025-06-04,idle,21618.09,1.0,,WAIT,,0.0,
2025-06-05,idle,21674.43,1.0,,WAIT,,0.0,
2025-06-06,idle,21660.66,1.0,,WAIT,,0.0,
2025-06-09,idle,21790.29,1.0,,WAIT,,1.0,
2025-06-10,idle,22242.14,1.0,,WAIT,,1.0,
2025-06-11,idle,22470.1,1.0,,WAIT,,1.0,
2025-06-12,idle,22287.82,1.0,,WAIT,,0.0,
2025-06-13,idle,22072.95,1.0,,WAIT,,0.0,
2025-06-16,idle,22049.9,1.0,,WAIT,,0.0,
2025-06-17,idle,22211.59,1.0,,WAIT,,0.0,
2025-06-18,idle,22356.73,0.9999996423721313,,WAIT,,0.0,
2025-06-19,idle,22003.5,1.0,,WAIT,,0.0,
2025-06-20,idle,22045.74,1.0,,WAIT,,0.0,
2025-06-23,idle,21732.02,1.0,,WAIT,,0.0,
2025-06-24,idle,22188.76,1.0,,WAIT,,0.0,
2025-06-25,idle,22430.61,1.0,,WAIT,,0.0,
2025-06-26,idle,22492.34,1.0,,WAIT,,1.0,
2025-06-27,idle,22580.08,1.0,,WAIT,,0.0,
2025-06-30,idle,22256.02,1.0,,WAIT,,0.0,
2025-07-01,idle,22553.72,1.0,,WAIT,,1.0,
2025-07-02,idle,22577.74,1.0,,WAIT,,0.0,
2025-07-03,idle,22712.97,1.0,,WAIT,,1.0,
2025-07-04,idle,22547.5,1.0,,WAIT,,1.0,
2025-07-07,idle,22428.72,1.0,,WAIT,,0.0,
2025-07-08,idle,22362.27,1.0,,WAIT,,0.0,
2025-07-09,idle,22527.01,1.0,,WAIT,,0.0,
2025-07-10,idle,22693.25,1.0,,WAIT,,0.0,
2025-07-11,idle,22751.03,1.0,,WAIT,,0.0,
2025-07-14,idle,22614.97,1.0,,WAIT,,0.0,
2025-07-15,idle,22835.94,1.0,,WAIT,,1.0,
2025-07-16,idle,23042.9,1.0,,WAIT,,1.0,
2025-07-17,idle,23113.28,1.0,,WAIT,,1.0,
2025-07-18,idle,23383.13,1.0,,WAIT,,1.0,
2025-07-21,idle,23340.56,1.0,,WAIT,,0.0,
2025-07-22,idle,22987.92,1.0,,WAIT,,1.0,
2025-07-23,idle,23318.67,1.0,,WAIT,,0.0,
2025-07-24,idle,23373.73,1.0,,WAIT,,0.0,
2025-07-25,idle,23364.38,1.0,,WAIT,,0.0,
2025-07-28,idle,23412.98,1.0,,WAIT,,1.0,
2025-07-29,idle,23201.52,1.0,,WAIT,,0.0,
2025-07-30,idle,23461.72,1.0,,WAIT,,0.0,
2025-07-31,idle,23542.52,1.0,,WAIT,,1.0,
2025-08-01,idle,23434.38,1.0,,WAIT,,0.0,
2025-08-04,idle,23378.94,0.9999992847442627,,WAIT,,0.0,
2025-08-05,idle,23660.59,1.0,,WAIT,,1.0,
2025-08-06,idle,23447.36,1.0,,WAIT,,0.0,
2025-08-07,idle,24003.77,1.0,,WAIT,,1.0,
2025-08-08,idle,24021.26,1.0,,WAIT,,1.0,
2025-08-11,idle,24135.5,1.0,,WAIT,,1.0,
2025-08-12,idle,24158.36,1.0,,WAIT,,1.0,
2025-08-13,idle,24370.02,1.0,,WAIT,,1.0,
2025-08-14,idle,24238.1,1.0,,WAIT,,0.0,
2025-08-15,idle,24334.48,1.0,,WAIT,,0.0,
2025-08-18,idle,24482.52,1.0,,WAIT,,1.0,
2025-08-19,idle,24353.5,1.0,,WAIT,,1.0,
2025-08-20,idle,23625.44,1.0,,WAIT,,0.0,
2025-08-21,idle,23962.13,1.0,,WAIT,,0.0,
2025-08-22,idle,23764.47,1.0,,WAIT,,0.0,
2025-08-25,idle,24277.38,1.0,,WAIT,,0.0,
2025-08-26,idle,24305.1,1.0,,WAIT,,0.0,
2025-08-27,idle,24519.9,1.0,,WAIT,,0.0,
2025-08-28,idle,24236.45,1.0,,WAIT,,0.0,
2025-08-29,idle,24233.1,1.0,,WAIT,,1.0,
2025-09-01,idle,24071.73,1.0,,WAIT,,0.0,
2025-09-02,idle,24016.78,1.0,,WAIT,,0.0,
2025-09-03,idle,24100.3,1.0,,WAIT,,0.0,
2025-09-04,idle,24179.85,1.0,,WAIT,,0.0,
2025-09-05,idle,24494.58,1.0,,WAIT,,0.0,
2025-09-08,idle,24547.38,1.0,,WAIT,,1.0,
2025-09-09,idle,24855.18,1.0,,WAIT,,1.0,
2025-09-10,idle,25192.59,1.0,,WAIT,,1.0,
2025-09-11,idle,25215.71,1.0,,WAIT,,1.0,
2025-09-12,idle,25474.64,1.0,,WAIT,,0.0,
2025-09-15,idle,25357.16,1.0,,WAIT,,0.0,
2025-09-16,idle,25629.64,1.0,,WAIT,,1.0,
2025-09-17,idle,25438.25,1.0,,WAIT,,0.0,
2025-09-18,idle,25769.36,1.0,,WAIT,,1.0,
2025-09-19,idle,25578.37,1.0,,WAIT,,1.0,
2025-09-22,idle,25880.6,1.0,,WAIT,,1.0,
2025-09-23,idle,26247.37,1.0,,WAIT,,1.0,
2025-09-24,idle,26196.73,1.0,,WAIT,,1.0,
2025-09-25,idle,26023.85,1.0,,WAIT,,0.0,
2025-09-26,idle,25580.32,1.0,,WAIT,,0.0,
2025-09-30,idle,25820.54,1.0,,WAIT,,0.0,
2025-10-01,idle,25982.91,1.0,,WAIT,,0.0,
2025-10-02,idle,26378.39,1.0,,WAIT,,1.0,
2025-10-03,idle,26761.06,1.0,,WAIT,,1.0,
2025-10-07,idle,27211.95,1.0,,WAIT,,1.0,
2025-10-08,idle,27063.68,1.0,,WAIT,,0.0,
2025-10-09,idle,27301.92,1.0,,WAIT,,1.0,
2025-10-13,idle,26923.42,1.0,,WAIT,,0.0,
2025-10-14,idle,26793.15,1.0,,WAIT,,1.0,
2025-10-15,idle,27275.71,1.0,,WAIT,,0.0,
2025-10-16,idle,27647.87,1.0,,WAIT,,1.0,
2025-10-17,idle,27302.37,1.0,,WAIT,,0.0,
2025-10-20,idle,27688.63,1.0,,WAIT,,1.0,
2025-10-21,idle,27752.41,1.0,,WAIT,,1.0,
2025-10-22,idle,27648.91,1.0,,WAIT,,0.0,
2025-10-23,idle,27532.26,1.0,,WAIT,,0.0,
2025-10-27,idle,27993.63,1.0,,WAIT,,1.0,
2025-10-28,idle,27949.11,1.0,,WAIT,,0.0,
2025-10-29,idle,28294.74,1.0,,WAIT,,1.0,
2025-10-30,idle,28287.53,1.0,,WAIT,,1.0,
2025-10-31,idle,28233.35,1.0,,WAIT,,0.0,
2025-11-03,idle,28334.59,1.0,,WAIT,,0.0,
2025-11-04,idle,28116.56,1.0,,WAIT,,1.0,
2025-11-05,idle,27717.06,1.0,,WAIT,,0.0,
2025-11-06,idle,27899.45,1.0,,WAIT,,0.0,
2025-11-07,idle,27651.41,1.0,,WAIT,,0.0,
2025-11-10,idle,27869.51,1.0,,WAIT,,0.0,
2025-11-11,idle,27784.95,1.0,,WAIT,,0.0,
2025-11-12,idle,27947.09,1.0,,WAIT,,0.0,
2025-11-13,idle,27903.56,1.0,,WAIT,,0.0,
2025-11-14,idle,27397.5,1.0,,WAIT,,0.0,
2025-11-17,idle,27447.31,1.0,,WAIT,,0.0,
2025-11-18,idle,26756.12,1.0,,WAIT,,0.0,
2025-11-19,idle,26580.12,1.0,,WAIT,,0.0,
2025-11-20,idle,27426.36,1.0,,WAIT,,0.0,
2025-11-21,idle,26434.94,1.0,,WAIT,,0.0,
2025-11-24,idle,26504.24,1.0,,WAIT,,0.0,
2025-11-25,idle,26912.17,1.0,,WAIT,,0.0,
2025-11-26,idle,27409.54,1.0,,WAIT,,0.0,
2025-11-27,idle,27554.53,1.0,,WAIT,,0.0,
2025-11-28,idle,27626.48,1.0,,WAIT,,0.0,
2025-12-01,idle,27342.53,1.0,,WAIT,,0.0,
2025-12-02,idle,27564.27,1.0,,WAIT,,0.0,
2025-12-03,idle,27793.04,1.0,,WAIT,,1.0,
2025-12-04,idle,27795.71,1.0,,WAIT,,1.0,
2025-12-05,idle,27980.89,1.0,,WAIT,,1.0,
2025-12-08,idle,28303.78,1.0,,WAIT,,1.0,
2025-12-09,idle,28182.6,1.0,,WAIT,,1.0,
2025-12-10,idle,28400.73,1.0,,WAIT,,1.0,
2025-12-11,idle,28024.75,1.0,,WAIT,,1.0,
2025-12-12,idle,28198.02,1.0,,WAIT,,0.0,
