date,status,price,buy_conf,sell_conf,action
2023-01-03,idle_check_buy,14224.12,1.0,0.0,wait
2023-01-04,idle_check_buy,14199.13,0.9999998807907104,0.0,wait
2023-01-05,idle_check_buy,14301.05,0.9999997615814209,0.0,wait
2023-01-06,idle_check_buy,14373.34,0.9999998807907104,0.0,wait
2023-01-09,idle_check_buy,14752.21,0.843119740486145,0.0,wait
2023-01-10,idle_check_buy,14802.96,0.9999977350234985,0.0,wait
2023-01-11,idle_check_buy,14751.44,1.0,0.0,wait
2023-01-12,idle_check_buy,14731.64,1.0,0.0,wait
2023-01-13,idle_check_buy,14824.13,0.9998883008956909,0.0,wait
2023-01-16,idle_check_buy,14927.01,0.9999998807907104,0.0,wait
2023-01-17,idle_check_buy,14932.93,0.9999998807907104,0.0,wait
2023-01-30,idle_check_buy,15493.82,0.9999181032180786,0.0,BUY
2023-01-31,holding,15265.2,0.0,0.9999885559082031,hold
2023-02-01,holding,15420.13,0.0,0.9999885559082031,hold
2023-02-02,holding,15595.16,0.0,0.9999885559082031,hold
2023-02-03,holding,15602.66,0.0,0.9999885559082031,hold
2023-02-06,holding,15392.82,0.0,0.9999885559082031,hold
2023-02-07,holding,15400.91,0.0,0.9999885559082031,hold
2023-02-08,holding,15618.17,0.0,0.9999885559082031,hold
2023-02-09,holding,15598.71,0.0,0.9999885559082031,hold
2023-02-10,holding,15586.65,0.0,0.9999885559082031,hold
2023-02-13,holding,15544.28,0.0,0.9999885559082031,hold
2023-02-14,holding,15654.48,0.0,0.9999885559082031,hold
2023-02-15,holding,15432.89,0.0,0.9999885559082031,hold
2023-02-16,holding,15550.5,0.0,0.9999885559082031,hold
2023-02-17,holding,15479.7,0.0,0.9999885559082031,hold
2023-02-20,holding,15551.23,0.0,0.9999885559082031,hold
2023-02-21,holding,15563.0,0.0,0.9999885559082031,hold
2023-02-22,holding,15418.77,0.0,0.9999885559082031,hold
2023-02-23,holding,15615.41,0.0,0.9999885559082031,hold
2023-02-24,holding,15503.79,0.0,0.9999885559082031,hold
2023-03-01,holding,15598.49,0.0,0.9999885559082031,hold
2023-03-02,holding,15598.72,0.0,0.9999885559082031,hold
2023-03-03,holding,15608.42,0.0,0.9999885559082031,hold
2023-03-06,holding,15763.51,0.0,0.9999885559082031,hold
2023-03-07,holding,15857.89,0.0,0.9999885559082031,hold
2023-03-08,holding,15818.2,0.0,0.9999885559082031,hold
2023-03-09,holding,15770.66,0.0,0.9999885559082031,hold
2023-03-10,holding,15526.2,0.0,0.9999885559082031,hold
2023-03-13,holding,15560.49,0.0,0.9999885559082031,hold
2023-03-14,holding,15360.42,0.0,0.9999885559082031,hold
2023-03-15,holding,15387.59,0.0,0.9999885559082031,hold
2023-03-16,holding,15221.12,0.0,0.9999885559082031,hold
2023-03-17,holding,15452.96,0.0,0.9999885559082031,hold
2023-03-20,holding,15419.97,0.0,0.9999885559082031,hold
2023-03-21,holding,15513.45,0.0,0.9999885559082031,hold
2023-03-22,holding,15760.46,0.0,0.9999885559082031,hold
2023-03-23,holding,15863.95,0.0,0.9999885559082031,hold
2023-03-24,holding,15914.7,0.0,0.9999885559082031,hold
2023-03-27,holding,15830.31,0.0,0.9999885559082031,hold
2023-03-28,holding,15701.48,0.0,0.9999885559082031,hold
2023-03-29,holding,15769.76,0.0,0.9999885559082031,hold
2023-03-30,holding,15849.43,0.0,0.9999885559082031,hold
2023-03-31,holding,15868.06,0.0,0.9999885559082031,hold
2023-04-06,holding,15810.77,0.0,0.9999885559082031,hold
2023-04-07,holding,15836.5,0.0,0.9999885559082031,hold
2023-04-10,holding,15876.17,0.0,0.9999885559082031,hold
2023-04-11,holding,15913.88,0.0,0.9999885559082031,hold
2023-04-12,holding,15932.97,0.0,0.9999885559082031,hold
2023-04-13,holding,15804.76,0.0,0.9999885559082031,hold
2023-04-14,holding,15929.43,0.0,0.9999885559082031,hold
2023-04-17,holding,15963.55,0.0,0.9999885559082031,hold
2023-04-18,holding,15869.44,0.0,0.9999885559082031,hold
2023-04-19,holding,15770.47,0.0,0.9999885559082031,hold
2023-04-20,holding,15707.52,0.0,0.9999885559082031,hold
2023-04-21,holding,15602.99,0.0,0.9999885559082031,hold
2023-04-24,holding,15626.87,0.0,0.9999885559082031,hold
2023-04-25,holding,15370.73,0.0,0.9999885559082031,hold
2023-04-26,holding,15374.63,0.0,0.9999885559082031,hold
2023-04-27,holding,15411.49,0.0,0.9999885559082031,hold
2023-04-28,holding,15579.18,0.0,0.9999885559082031,hold
2023-05-02,holding,15636.48,0.0,0.9999885559082031,hold
2023-05-03,holding,15553.41,0.0,0.9999885559082031,hold
2023-05-04,holding,15609.03,0.0,0.9999885559082031,hold
2023-05-05,holding,15626.07,0.0,0.9999885559082031,hold
2023-05-08,holding,15699.57,0.0,0.9999885559082031,hold
2023-05-09,holding,15727.7,0.0,0.9999885559082031,hold
2023-05-10,holding,15641.76,0.0,0.9999885559082031,hold
2023-05-11,holding,15514.64,0.0,0.9999885559082031,hold
2023-05-12,holding,15502.36,0.0,0.9999885559082031,hold
2023-05-15,holding,15475.05,0.0,0.9999885559082031,hold
2023-05-16,holding,15673.9,0.0,0.9999885559082031,hold
2023-05-17,holding,15925.29,0.0,0.9999885559082031,hold
2023-05-18,holding,16101.88,0.0,0.9999885559082031,hold
2023-05-19,holding,16174.92,0.0,0.9999885559082031,hold
2023-05-22,holding,16180.89,0.0,0.9999885559082031,hold
2023-05-23,holding,16188.03,0.0,0.9999885559082031,hold
2023-05-24,holding,16159.32,0.0,0.9999885559082031,hold
2023-05-25,holding,16292.0,0.0,0.9999885559082031,hold
2023-05-26,holding,16505.05,0.0,0.9999885559082031,hold
2023-05-29,holding,16636.3,0.0,0.9999885559082031,hold
2023-05-30,holding,16622.74,0.0,0.9999885559082031,hold
2023-05-31,holding,16578.96,0.0,0.9999885559082031,hold
2023-06-01,holding,16512.65,0.0,0.9999885559082031,hold
2023-06-02,holding,16706.91,0.0,0.9999885559082031,hold
2023-06-05,holding,16714.43,0.0,0.9999885559082031,hold
2023-06-06,holding,16761.66,0.0,0.9999885559082031,hold
2023-06-07,holding,16922.48,0.0,0.9999885559082031,hold
2023-06-08,holding,16733.69,0.0,0.9999885559082031,hold
2023-06-09,holding,16886.4,0.0,0.9999885559082031,hold
2023-06-12,holding,16955.37,0.0,0.9999885559082031,hold
2023-06-13,holding,17216.6,0.0,0.9999885559082031,hold
2023-06-14,holding,17238.14,0.0,0.9999885559082031,hold
2023-06-15,holding,17334.98,0.0,0.9999885559082031,hold
2023-06-16,holding,17288.91,0.0,0.9999885559082031,hold
2023-06-19,holding,17274.56,0.0,0.9999885559082031,hold
2023-06-20,holding,17184.91,0.0,0.9999885559082031,hold
2023-06-21,holding,17202.4,0.0,0.9999885559082031,hold
2023-06-26,holding,17059.24,0.0,0.9999885559082031,hold
2023-06-27,holding,16887.9,0.0,0.9999885559082031,hold
2023-06-28,holding,16935.63,0.0,0.9999885559082031,hold
2023-06-29,holding,16942.3,0.0,0.9999885559082031,hold
2023-06-30,holding,16915.54,0.0,0.9999885559082031,hold
2023-07-03,holding,17084.2,0.0,0.9999885559082031,hold
2023-07-04,holding,17140.77,0.0,0.9999885559082031,hold
2023-07-05,holding,17056.43,0.0,0.9999885559082031,hold
2023-07-06,holding,16762.17,0.0,0.9999885559082031,hold
2023-07-07,holding,16664.21,0.0,0.9999885559082031,hold
2023-07-10,holding,16652.8,0.0,0.9999885559082031,hold
2023-07-11,holding,16898.91,0.0,0.9999885559082031,hold
2023-07-12,holding,16962.03,0.0,0.9999885559082031,hold
2023-07-13,holding,17061.4,0.0,0.9999885559082031,hold
2023-07-14,holding,17283.71,0.0,0.9999885559082031,hold
2023-07-17,holding,17334.29,0.0,0.9999885559082031,hold
2023-07-18,holding,17227.91,0.0,0.9999885559082031,hold
2023-07-19,holding,17116.44,0.0,0.9999885559082031,hold
2023-07-20,holding,17164.89,0.0,0.9999885559082031,hold
2023-07-21,holding,17030.7,0.0,0.9999885559082031,hold
2023-07-24,holding,17033.61,0.0,0.9999885559082031,hold
2023-07-25,holding,17198.89,0.0,0.9999885559082031,hold
2023-07-26,holding,17162.55,0.0,0.9999885559082031,hold
2023-07-27,holding,17241.82,0.0,0.9999885559082031,SELL
2023-07-28,idle_check_buy,17292.93,1.0,0.0,wait
2023-07-31,idle_check_buy,17145.43,1.0,0.0,wait
2023-08-01,idle_check_buy,17212.87,1.0,0.0,wait
2023-08-02,idle_check_buy,16893.73,1.0,0.0,wait
2023-08-04,idle_check_buy,16843.68,1.0,0.0,wait
2023-08-07,idle_check_buy,16996.0,0.9999961853027344,0.0,wait
2023-08-08,idle_check_buy,16877.07,1.0,0.0,wait
2023-08-09,idle_check_buy,16870.94,1.0,0.0,wait
2023-08-10,idle_check_buy,16634.7,1.0,0.0,wait
2023-08-11,idle_check_buy,16601.25,1.0,0.0,wait
2023-08-14,idle_check_buy,16393.66,1.0,0.0,wait
2023-08-15,idle_check_buy,16454.8,0.9999998807907104,0.0,wait
2023-08-16,idle_check_buy,16446.78,1.0,0.0,wait
2023-08-17,idle_check_buy,16516.66,0.9999076128005981,0.0,wait
2023-08-18,idle_check_buy,16381.31,1.0,0.0,wait
2023-08-21,idle_check_buy,16381.49,0.9999998807907104,0.0,wait
2023-08-22,idle_check_buy,16437.61,1.0,0.0,wait
2023-08-23,idle_check_buy,16576.9,0.999998927116394,0.0,wait
2023-08-24,idle_check_buy,16770.87,1.0,0.0,wait
2023-08-25,idle_check_buy,16481.58,1.0,0.0,wait
2023-08-28,idle_check_buy,16509.26,1.0,0.0,wait
2023-08-29,idle_check_buy,16623.65,1.0,0.0,wait
2023-08-30,idle_check_buy,16719.82,1.0,0.0,wait
2023-08-31,idle_check_buy,16634.51,1.0,0.0,wait
2023-09-01,idle_check_buy,16644.94,1.0,0.0,wait
2023-09-04,idle_check_buy,16789.69,0.9999998807907104,0.0,wait
2023-09-05,idle_check_buy,16791.61,1.0,0.0,wait
2023-09-06,idle_check_buy,16738.16,1.0,0.0,wait
2023-09-07,idle_check_buy,16619.14,1.0,0.0,wait
2023-09-08,idle_check_buy,16576.02,0.9999998807907104,0.0,wait
2023-09-11,idle_check_buy,16432.95,1.0,0.0,wait
2023-09-12,idle_check_buy,16572.71,1.0,0.0,wait
2023-09-13,idle_check_buy,16581.51,1.0,0.0,wait
2023-09-14,idle_check_buy,16807.56,1.0,0.0,wait
2023-09-15,idle_check_buy,16920.92,1.0,0.0,wait
2023-09-18,idle_check_buy,16698.24,1.0,0.0,wait
2023-09-19,idle_check_buy,16636.32,1.0,0.0,wait
2023-09-20,idle_check_buy,16534.75,1.0,0.0,wait
2023-09-21,idle_check_buy,16316.67,1.0,0.0,wait
2023-09-22,idle_check_buy,16344.48,0.9999958276748657,0.0,wait
2023-09-25,idle_check_buy,16452.23,1.0,0.0,wait
2023-09-26,idle_check_buy,16276.07,1.0,0.0,wait
2023-09-27,idle_check_buy,16310.36,1.0,0.0,wait
2023-09-28,idle_check_buy,16353.74,1.0,0.0,wait
2023-10-02,idle_check_buy,16557.31,1.0,0.0,wait
2023-10-03,idle_check_buy,16454.34,1.0,0.0,wait
2023-10-04,idle_check_buy,16273.38,0.9999998807907104,0.0,wait
2023-10-05,idle_check_buy,16453.52,1.0,0.0,wait
2023-10-06,idle_check_buy,16520.57,1.0,0.0,wait
2023-10-11,idle_check_buy,16672.03,1.0,0.0,wait
2023-10-12,idle_check_buy,16825.91,1.0,0.0,wait
2023-10-13,idle_check_buy,16782.57,1.0,0.0,wait
2023-10-16,idle_check_buy,16652.24,1.0,0.0,wait
2023-10-17,idle_check_buy,16642.55,1.0,0.0,wait
2023-10-18,idle_check_buy,16440.91,0.9666491150856018,0.0,wait
2023-10-19,idle_check_buy,16452.73,1.0,0.0,wait
2023-10-20,idle_check_buy,16440.72,0.9999990463256836,0.0,wait
2023-10-23,idle_check_buy,16251.36,1.0,0.0,wait
2023-10-24,idle_check_buy,16309.76,0.9999995231628418,0.0,wait
2023-10-25,idle_check_buy,16358.89,1.0,0.0,wait
2023-10-26,idle_check_buy,16073.74,1.0,0.0,wait
2023-10-27,idle_check_buy,16134.61,0.9999997615814209,0.0,wait
2023-10-30,idle_check_buy,16149.68,1.0,0.0,wait
2023-10-31,idle_check_buy,16001.27,1.0,0.0,wait
2023-11-01,idle_check_buy,16038.56,0.999998927116394,0.0,wait
2023-11-02,idle_check_buy,16396.95,0.902777373790741,0.0,wait
2023-11-03,idle_check_buy,16507.65,1.0,0.0,wait
2023-11-06,idle_check_buy,16649.36,1.0,0.0,wait
2023-11-07,idle_check_buy,16684.95,1.0,0.0,wait
2023-11-08,idle_check_buy,16740.83,1.0,0.0,wait
2023-11-09,idle_check_buy,16745.65,1.0,0.0,wait
2023-11-10,idle_check_buy,16682.67,1.0,0.0,wait
2023-11-13,idle_check_buy,16839.29,0.9996966123580933,0.0,wait
2023-11-14,idle_check_buy,16915.71,1.0,0.0,wait
2023-11-15,idle_check_buy,17128.78,1.0,0.0,wait
2023-11-16,idle_check_buy,17171.18,0.9948739409446716,0.0,wait
2023-11-17,idle_check_buy,17208.95,1.0,0.0,wait
2023-11-20,idle_check_buy,17210.47,0.9998051524162292,0.0,wait
2023-11-21,idle_check_buy,17416.7,1.0,0.0,wait
2023-11-22,idle_check_buy,17310.26,1.0,0.0,wait
2023-11-23,idle_check_buy,17294.55,0.9999966621398926,0.0,wait
2023-11-24,idle_check_buy,17287.42,1.0,0.0,wait
2023-11-27,idle_check_buy,17137.42,1.0,0.0,wait
2023-11-28,idle_check_buy,17341.25,0.9999998807907104,0.0,wait
2023-11-29,idle_check_buy,17370.56,0.9999998807907104,0.0,wait
2023-11-30,idle_check_buy,17433.85,1.0,0.0,wait
2023-12-01,idle_check_buy,17438.35,1.0,0.0,wait
2023-12-04,idle_check_buy,17421.48,0.9999986886978149,0.0,wait
2023-12-05,idle_check_buy,17328.01,1.0,0.0,wait
2023-12-06,idle_check_buy,17360.72,1.0,0.0,wait
2023-12-07,idle_check_buy,17278.74,1.0,0.0,wait
2023-12-08,idle_check_buy,17383.99,0.9999998807907104,0.0,wait
2023-12-11,idle_check_buy,17418.34,1.0,0.0,wait
2023-12-12,idle_check_buy,17450.63,1.0,0.0,wait
2023-12-13,idle_check_buy,17468.93,1.0,0.0,wait
2023-12-14,idle_check_buy,17653.11,1.0,0.0,wait
2023-12-15,idle_check_buy,17673.87,1.0,0.0,wait
2023-12-18,idle_check_buy,17652.03,1.0,0.0,wait
2023-12-19,idle_check_buy,17576.55,1.0,0.0,wait
2023-12-20,idle_check_buy,17635.2,1.0,0.0,wait
2023-12-21,idle_check_buy,17543.74,1.0,0.0,wait
2023-12-22,idle_check_buy,17596.63,0.9999986886978149,0.0,wait
2023-12-25,idle_check_buy,17604.84,1.0,0.0,wait
2023-12-26,idle_check_buy,17751.73,1.0,0.0,wait
2023-12-27,idle_check_buy,17891.5,1.0,0.0,wait
2023-12-28,idle_check_buy,17910.37,1.0,0.0,wait
2023-12-29,idle_check_buy,17930.81,1.0,0.0,wait
2024-01-02,idle_check_buy,17853.76,1.0,0.0,wait
2024-01-03,idle_check_buy,17559.31,1.0,0.0,wait
2024-01-04,idle_check_buy,17549.65,1.0,0.0,wait
2024-01-05,idle_check_buy,17519.14,1.0,0.0,wait
2024-01-08,idle_check_buy,17572.66,1.0,0.0,wait
2024-01-09,idle_check_buy,17535.49,1.0,0.0,wait
2024-01-10,idle_check_buy,17465.63,1.0,0.0,wait
2024-01-11,idle_check_buy,17545.32,1.0,0.0,wait
2024-01-12,idle_check_buy,17512.83,1.0,0.0,wait
2024-01-15,idle_check_buy,17546.82,1.0,0.0,wait
2024-01-16,idle_check_buy,17346.87,1.0,0.0,wait
2024-01-17,idle_check_buy,17161.79,1.0,0.0,wait
2024-01-18,idle_check_buy,17227.79,1.0,0.0,wait
2024-01-19,idle_check_buy,17681.52,0.9999972581863403,0.0,wait
2024-01-22,idle_check_buy,17815.1,1.0,0.0,wait
2024-01-23,idle_check_buy,17874.59,1.0,0.0,wait
2024-01-24,idle_check_buy,17875.83,1.0,0.0,wait
2024-01-25,idle_check_buy,18002.62,1.0,0.0,wait
2024-01-26,idle_check_buy,17995.03,0.9999997615814209,0.0,wait
2024-01-29,idle_check_buy,18119.63,0.9999955892562866,0.0,wait
2024-01-30,idle_check_buy,18034.63,1.0,0.0,wait
2024-01-31,idle_check_buy,17889.56,1.0,0.0,wait
2024-02-01,idle_check_buy,17968.11,1.0,0.0,wait
2024-02-02,idle_check_buy,18059.93,1.0,0.0,wait
2024-02-05,idle_check_buy,18096.07,1.0,0.0,wait
2024-02-15,idle_check_buy,18644.57,0.9570319652557373,0.0,wait
2024-02-16,idle_check_buy,18607.25,1.0,0.0,wait
2024-02-19,idle_check_buy,18635.8,1.0,0.0,wait
2024-02-20,idle_check_buy,18753.16,0.9999998807907104,0.0,wait
2024-02-21,idle_check_buy,18676.31,1.0,0.0,wait
2024-02-22,idle_check_buy,18852.78,0.9999994039535522,0.0,wait
2024-02-23,idle_check_buy,18889.19,1.0,0.0,wait
2024-02-26,idle_check_buy,18948.05,1.0,0.0,wait
2024-02-27,idle_check_buy,18854.41,1.0,0.0,wait
2024-02-29,idle_check_buy,18966.77,0.9999995231628418,0.0,wait
2024-03-01,idle_check_buy,18935.93,1.0,0.0,wait
2024-03-04,idle_check_buy,19305.31,0.9999982118606567,0.0,wait
2024-03-05,idle_check_buy,19386.92,1.0,0.0,wait
2024-03-06,idle_check_buy,19499.45,1.0,0.0,wait
2024-03-07,idle_check_buy,19693.52,1.0,0.0,wait
2024-03-08,idle_check_buy,19785.32,1.0,0.0,wait
2024-03-11,idle_check_buy,19726.08,1.0,0.0,wait
2024-03-12,idle_check_buy,19914.55,0.9999998807907104,0.0,wait
2024-03-13,idle_check_buy,19928.51,1.0,0.0,wait
2024-03-14,idle_check_buy,19937.92,1.0,0.0,wait
2024-03-15,idle_check_buy,19682.5,1.0,0.0,wait
2024-03-18,idle_check_buy,19879.85,1.0,0.0,wait
2024-03-19,idle_check_buy,19857.2,1.0,0.0,wait
2024-03-20,idle_check_buy,19784.45,1.0,0.0,wait
2024-03-21,idle_check_buy,20199.09,0.9995346069335938,0.0,wait
2024-03-22,idle_check_buy,20228.43,1.0,0.0,wait
2024-03-25,idle_check_buy,20192.25,0.9999978542327881,0.0,wait
2024-03-26,idle_check_buy,20126.49,1.0,0.0,wait
2024-03-27,idle_check_buy,20200.12,1.0,0.0,wait
2024-03-28,idle_check_buy,20146.55,1.0,0.0,wait
2024-03-29,idle_check_buy,20294.45,1.0,0.0,wait
2024-04-01,idle_check_buy,20222.33,1.0,0.0,wait
2024-04-02,idle_check_buy,20466.57,1.0,0.0,wait
2024-04-03,idle_check_buy,20337.6,1.0,0.0,wait
2024-04-08,idle_check_buy,20417.7,1.0,0.0,wait
2024-04-09,idle_check_buy,20796.2,1.0,0.0,wait
2024-04-10,idle_check_buy,20763.53,1.0,0.0,wait
2024-04-11,idle_check_buy,20753.22,1.0,0.0,wait
2024-04-12,idle_check_buy,20736.57,1.0,0.0,wait
2024-04-15,idle_check_buy,20449.77,1.0,0.0,wait
2024-04-16,idle_check_buy,19901.96,1.0,0.0,wait
2024-04-17,idle_check_buy,20213.33,1.0,0.0,wait
2024-04-18,idle_check_buy,20301.2,1.0,0.0,wait
2024-04-19,idle_check_buy,19527.12,1.0,0.0,wait
2024-04-22,idle_check_buy,19411.22,1.0,0.0,wait
2024-04-23,idle_check_buy,19599.28,1.0,0.0,wait
2024-04-24,idle_check_buy,20131.74,1.0,0.0,wait
2024-04-25,idle_check_buy,19857.42,1.0,0.0,wait
2024-04-26,idle_check_buy,20120.51,0.9999881982803345,0.0,wait
2024-04-29,idle_check_buy,20495.52,1.0,0.0,wait
2024-04-30,idle_check_buy,20396.6,1.0,0.0,wait
2024-05-02,idle_check_buy,20222.44,1.0,0.0,wait
2024-05-03,idle_check_buy,20330.32,1.0,0.0,wait
2024-05-06,idle_check_buy,20523.31,1.0,0.0,wait
2024-05-07,idle_check_buy,20653.53,1.0,0.0,wait
2024-05-08,idle_check_buy,20700.51,0.9999996423721313,0.0,wait
2024-05-09,idle_check_buy,20560.77,1.0,0.0,wait
2024-05-10,idle_check_buy,20708.84,1.0,0.0,wait
2024-05-13,idle_check_buy,20857.71,0.9999998807907104,0.0,wait
2024-05-14,idle_check_buy,20985.85,1.0,0.0,wait
2024-05-15,idle_check_buy,21147.21,1.0,0.0,wait
2024-05-16,idle_check_buy,21304.26,1.0,0.0,wait
2024-05-17,idle_check_buy,21258.47,1.0,0.0,wait
2024-05-20,idle_check_buy,21271.63,1.0,0.0,wait
2024-05-21,idle_check_buy,21236.75,1.0,0.0,wait
2024-05-22,idle_check_buy,21551.83,1.0,0.0,wait
2024-05-23,idle_check_buy,21607.43,0.9995734095573425,0.0,wait
2024-05-24,idle_check_buy,21565.34,1.0,0.0,wait
2024-05-27,idle_check_buy,21803.77,1.0,0.0,wait
2024-05-28,idle_check_buy,21858.41,1.0,0.0,wait
2024-05-29,idle_check_buy,21662.5,1.0,0.0,wait
2024-05-30,idle_check_buy,21364.48,1.0,0.0,wait
2024-05-31,idle_check_buy,21174.22,1.0,0.0,wait
2024-06-03,idle_check_buy,21536.76,1.0,0.0,wait
2024-06-04,idle_check_buy,21356.62,1.0,0.0,wait
2024-06-05,idle_check_buy,21484.88,1.0,0.0,wait
2024-06-06,idle_check_buy,21902.7,1.0,0.0,wait
2024-06-07,idle_check_buy,21858.38,1.0,0.0,wait
2024-06-11,idle_check_buy,21792.12,0.9999998807907104,0.0,wait
2024-06-12,idle_check_buy,22048.96,1.0,0.0,wait
2024-06-13,idle_check_buy,22312.04,1.0,0.0,wait
2024-06-14,idle_check_buy,22504.72,1.0,0.0,wait
2024-06-17,idle_check_buy,22496.53,1.0,0.0,wait
2024-06-18,idle_check_buy,22757.43,1.0,0.0,wait
2024-06-19,idle_check_buy,23209.54,1.0,0.0,wait
2024-06-20,idle_check_buy,23406.1,1.0,0.0,wait
2024-06-21,idle_check_buy,23253.39,1.0,0.0,wait
2024-06-24,idle_check_buy,22813.7,1.0,0.0,wait
2024-06-25,idle_check_buy,22875.97,1.0,0.0,wait
2024-06-26,idle_check_buy,22986.69,0.9999861717224121,0.0,wait
2024-06-27,idle_check_buy,22905.98,1.0,0.0,wait
2024-06-28,idle_check_buy,23032.25,1.0,0.0,wait
2024-07-01,idle_check_buy,23058.57,1.0,0.0,wait
2024-07-02,idle_check_buy,22879.37,1.0,0.0,wait
2024-07-03,idle_check_buy,23172.43,1.0,0.0,wait
2024-07-04,idle_check_buy,23522.53,1.0,0.0,wait
2024-07-05,idle_check_buy,23556.59,1.0,0.0,wait
2024-07-08,idle_check_buy,23878.15,1.0,0.0,wait
2024-07-09,idle_check_buy,23900.08,1.0,0.0,wait
2024-07-10,idle_check_buy,24007.08,1.0,0.0,wait
2024-07-11,idle_check_buy,24390.03,1.0,0.0,wait
2024-07-12,idle_check_buy,23916.93,1.0,0.0,wait
2024-07-15,idle_check_buy,23879.36,1.0,0.0,wait
2024-07-16,idle_check_buy,23997.25,1.0,0.0,wait
2024-07-17,idle_check_buy,23769.82,1.0,0.0,wait
2024-07-18,idle_check_buy,23398.47,1.0,0.0,wait
2024-07-19,idle_check_buy,22869.26,1.0,0.0,wait
2024-07-22,idle_check_buy,22256.99,1.0,0.0,wait
2024-07-23,idle_check_buy,22871.84,1.0,0.0,wait
2024-07-26,idle_check_buy,22119.21,1.0,0.0,wait
2024-07-29,idle_check_buy,22164.49,1.0,0.0,wait
2024-07-30,idle_check_buy,22223.57,1.0,0.0,wait
2024-07-31,idle_check_buy,22199.35,1.0,0.0,wait
2024-08-01,idle_check_buy,22642.1,1.0,0.0,wait
2024-08-02,idle_check_buy,21638.09,1.0,0.0,wait
2024-08-05,idle_check_buy,19830.88,1.0,0.0,wait
2024-08-06,idle_check_buy,20501.02,1.0,0.0,wait
2024-08-07,idle_check_buy,21295.28,1.0,0.0,wait
2024-08-08,idle_check_buy,20870.1,1.0,0.0,wait
2024-08-09,idle_check_buy,21469.0,0.9999978542327881,0.0,wait
2024-08-12,idle_check_buy,21773.26,1.0,0.0,wait
2024-08-13,idle_check_buy,21796.57,1.0,0.0,wait
2024-08-14,idle_check_buy,22027.25,1.0,0.0,wait
2024-08-15,idle_check_buy,21895.17,1.0,0.0,wait
2024-08-16,idle_check_buy,22349.33,0.9999170303344727,0.0,BUY
2024-08-19,holding,22409.63,0.0,0.9999885559082031,hold
2024-08-20,holding,22429.1,0.0,0.9999885559082031,hold
2024-08-21,holding,22237.89,0.0,0.9999885559082031,hold
2024-08-22,holding,22148.83,0.0,0.9999884366989136,hold
2024-08-23,holding,22158.05,0.0,0.9999885559082031,hold
2024-08-26,holding,22240.12,0.0,0.9999885559082031,hold
2024-08-27,holding,22185.0,0.0,0.9999885559082031,hold
2024-08-28,holding,22370.66,0.0,0.9999885559082031,hold
2024-08-29,holding,22201.85,0.0,0.9999884366989136,hold
2024-08-30,holding,22268.09,0.0,0.9999885559082031,hold
2024-09-02,holding,22235.1,0.0,0.9999885559082031,hold
2024-09-03,holding,22092.21,0.0,0.9999884366989136,hold
2024-09-04,holding,21092.75,0.0,0.9999884366989136,hold
2024-09-05,holding,21187.71,0.0,0.9999884366989136,hold
2024-09-06,holding,21435.19,0.0,0.9999884366989136,hold
2024-09-09,holding,21144.44,0.0,0.9999884366989136,hold
2024-09-10,holding,21064.08,0.0,0.9999884366989136,hold
2024-09-11,holding,21031.0,0.0,0.9999884366989136,hold
2024-09-12,holding,21653.25,0.0,0.9999884366989136,hold
2024-09-13,holding,21759.65,0.0,0.9999885559082031,hold
2024-09-16,holding,21850.08,0.0,0.9999885559082031,hold
2024-09-18,holding,21678.84,0.0,0.9999885559082031,hold
2024-09-19,holding,22042.69,0.0,0.9999885559082031,hold
2024-09-20,holding,22159.42,0.0,0.9999885559082031,hold
2024-09-23,holding,22285.53,0.0,0.9999885559082031,hold
2024-09-24,holding,22431.78,0.0,0.9999885559082031,hold
2024-09-25,holding,22761.6,0.0,0.9999885559082031,hold
2024-09-26,holding,22858.81,0.0,0.9999885559082031,hold
2024-09-27,holding,22822.79,0.0,0.9999885559082031,hold
2024-09-30,holding,22224.54,0.0,0.9999885559082031,hold
2024-10-01,holding,22390.39,0.0,0.9999885559082031,hold
2024-10-04,holding,22302.71,0.0,0.9999885559082031,hold
2024-10-07,holding,22702.56,0.0,0.9999885559082031,hold
2024-10-08,holding,22611.39,0.0,0.9999885559082031,hold
2024-10-09,holding,22659.08,0.0,0.9999885559082031,hold
2024-10-11,holding,22901.64,0.0,0.9999885559082031,hold
2024-10-14,holding,22975.29,0.0,0.9999885559082031,hold
2024-10-15,holding,23292.04,0.0,0.9999885559082031,hold
2024-10-16,holding,23010.98,0.0,0.9999885559082031,hold
2024-10-17,holding,23053.84,0.0,0.9999885559082031,hold
2024-10-18,holding,23487.27,0.0,0.9999885559082031,hold
2024-10-21,holding,23542.53,0.0,0.9999885559082031,hold
2024-10-22,holding,23535.43,0.0,0.9999885559082031,hold
2024-10-23,holding,23334.76,0.0,0.9999885559082031,hold
2024-10-24,holding,23192.52,0.0,0.9999885559082031,hold
2024-10-25,holding,23348.45,0.0,0.9999885559082031,hold
2024-10-28,holding,23198.07,0.0,0.9999885559082031,hold
2024-10-29,holding,22926.59,0.0,0.9999885559082031,hold
2024-10-30,holding,22820.43,0.0,0.9999885559082031,hold
2024-11-01,holding,22780.08,0.0,0.9999885559082031,hold
2024-11-04,holding,22965.39,0.0,0.9999885559082031,hold
2024-11-05,holding,23106.79,0.0,0.9999885559082031,hold
2024-11-06,holding,23217.38,0.0,0.9999885559082031,hold
2024-11-07,holding,23408.82,0.0,0.9999885559082031,hold
2024-11-08,holding,23553.89,0.0,0.9999885559082031,hold
2024-11-11,holding,23529.64,0.0,0.9999885559082031,hold
2024-11-12,holding,22981.77,0.0,0.9999885559082031,hold
2024-11-13,holding,22860.23,0.0,0.9999885559082031,hold
2024-11-14,holding,22715.38,0.0,0.9999885559082031,hold
2024-11-15,holding,22742.77,0.0,0.9999885559082031,hold
2024-11-18,holding,22546.54,0.0,0.9999885559082031,hold
2024-11-19,holding,22848.8,0.0,0.9999885559082031,hold
2024-11-20,holding,22688.36,0.0,0.9999885559082031,hold
2024-11-21,holding,22555.66,0.0,0.9999885559082031,hold
2024-11-22,holding,22904.32,0.0,0.9999885559082031,hold
2024-11-25,holding,22948.37,0.0,0.9999885559082031,hold
2024-11-26,holding,22678.76,0.0,0.9999884366989136,hold
2024-11-27,holding,22334.78,0.0,0.9999884366989136,hold
2024-11-28,holding,22298.9,0.0,0.9999884366989136,hold
2024-11-29,holding,22262.5,0.0,0.9999884366989136,hold
2024-12-02,holding,22736.93,0.0,0.9999884366989136,hold
2024-12-03,holding,23027.46,0.0,0.9999884366989136,hold
2024-12-04,holding,23255.33,0.0,0.9999885559082031,hold
2024-12-05,holding,23267.94,0.0,0.9999885559082031,hold
2024-12-06,holding,23193.27,0.0,0.9999885559082031,hold
2024-12-09,holding,23273.25,0.0,0.9999885559082031,hold
2024-12-10,holding,23125.08,0.0,0.9999885559082031,hold
2024-12-11,holding,22903.63,0.0,0.9999885559082031,hold
2024-12-12,holding,23046.8,0.0,0.9999885559082031,hold
2024-12-13,holding,23020.48,0.0,0.9999885559082031,hold
2024-12-16,holding,23039.9,0.0,0.9999885559082031,hold
2024-12-17,holding,23018.01,0.0,0.9999885559082031,hold
2024-12-18,holding,23168.67,0.0,0.9999885559082031,hold
2024-12-19,holding,22932.25,0.0,0.9999885559082031,hold
2024-12-20,holding,22510.25,0.0,0.9999885559082031,hold
2024-12-23,holding,23104.54,0.0,0.9999885559082031,hold
2024-12-24,holding,23120.24,0.0,0.9999885559082031,hold
2024-12-25,holding,23220.13,0.0,0.9999885559082031,hold
2024-12-26,holding,23246.94,0.0,0.9999885559082031,hold
2024-12-27,holding,23275.68,0.0,0.9999885559082031,hold
2024-12-30,holding,23190.2,0.0,0.9999885559082031,hold
2024-12-31,holding,23035.1,0.0,0.9999885559082031,hold
2025-01-02,holding,22832.06,0.0,0.9999885559082031,hold
2025-01-03,holding,22908.3,0.0,0.9999885559082031,hold
2025-01-06,holding,23547.71,0.0,0.9999885559082031,hold
2025-01-07,holding,23651.27,0.0,0.9999885559082031,hold
2025-01-08,holding,23407.33,0.0,0.9999885559082031,hold
2025-01-09,holding,23081.13,0.0,0.9999885559082031,hold
2025-01-10,holding,23011.86,0.0,0.9999885559082031,hold
2025-01-13,holding,22488.33,0.0,0.9999884366989136,hold
2025-01-14,holding,22797.52,0.0,0.9999884366989136,hold
2025-01-15,holding,22514.57,0.0,0.9999884366989136,hold
2025-01-16,holding,23025.1,0.0,0.9999884366989136,hold
2025-01-17,holding,23148.08,0.0,0.9999885559082031,hold
2025-01-20,holding,23266.82,0.0,0.9999884366989136,hold
2025-01-21,holding,23300.01,0.0,0.9999885559082031,hold
2025-01-22,holding,23525.41,0.0,0.9999885559082031,hold
2025-02-03,holding,22694.71,0.0,0.9999885559082031,hold
2025-02-04,holding,22793.96,0.0,0.9999884366989136,hold
2025-02-05,holding,23161.58,0.0,0.9999885559082031,hold
2025-02-06,holding,23316.6,0.0,0.9999885559082031,hold
2025-02-07,holding,23478.27,0.0,0.9999885559082031,hold
2025-02-10,holding,23252.14,0.0,0.9999885559082031,hold
2025-02-11,holding,23384.05,0.0,0.9999885559082031,hold
2025-02-12,holding,23289.75,0.0,0.9999885559082031,hold
2025-02-13,holding,23399.41,0.0,0.9999885559082031,hold
2025-02-14,holding,23152.61,0.0,0.9999885559082031,hold
2025-02-17,holding,23505.33,0.0,0.9999885559082031,hold
2025-02-18,holding,23666.11,0.0,0.9999885559082031,hold
2025-02-19,holding,23604.08,0.0,0.9999885559082031,SELL
2025-02-20,idle_check_buy,23487.46,1.0,0.0,wait
2025-02-21,idle_check_buy,23730.25,1.0,0.0,wait
2025-02-24,idle_check_buy,23565.31,1.0,0.0,wait
2025-02-25,idle_check_buy,23285.72,1.0,0.0,wait
2025-02-26,idle_check_buy,23402.55,1.0,0.0,wait
2025-02-27,idle_check_buy,23053.18,1.0,0.0,wait
2025-03-03,idle_check_buy,22756.25,1.0,0.0,wait
2025-03-04,idle_check_buy,22596.88,1.0,0.0,wait
2025-03-05,idle_check_buy,22871.9,1.0,0.0,wait
2025-03-06,idle_check_buy,22715.43,1.0,0.0,wait
2025-03-07,idle_check_buy,22576.07,1.0,0.0,wait
2025-03-10,idle_check_buy,22459.15,1.0,0.0,wait
2025-03-11,idle_check_buy,22071.09,1.0,0.0,wait
2025-03-12,idle_check_buy,22278.36,0.5200768113136292,0.0,BUY
2025-03-13,holding,21961.68,0.0,0.9999884366989136,hold
2025-03-14,holding,21968.05,0.0,0.9999884366989136,hold
2025-03-17,holding,22118.63,0.0,0.9999884366989136,hold
2025-03-18,holding,22271.67,0.0,0.9999884366989136,hold
2025-03-19,holding,21960.83,0.0,0.9999884366989136,hold
2025-03-20,holding,22377.26,0.0,0.9999884366989136,hold
2025-03-21,holding,22209.1,0.0,0.9999884366989136,hold
2025-03-24,holding,22106.64,0.0,0.9999884366989136,hold
2025-03-25,holding,22273.19,0.0,0.9999884366989136,hold
2025-03-26,holding,22260.29,0.0,0.9999884366989136,hold
2025-03-27,holding,21951.76,0.0,0.9999884366989136,hold
2025-03-28,holding,21602.89,0.0,0.9999884366989136,hold
2025-03-31,holding,20695.9,0.0,0.9999884366989136,hold
2025-04-01,holding,21280.17,0.0,0.9999884366989136,hold
2025-04-02,holding,21298.22,0.0,0.9999884366989136,hold
2025-04-07,holding,19232.35,0.0,0.999988317489624,SELL
2025-04-08,idle_check_buy,18459.95,1.0,0.0,wait
2025-04-09,idle_check_buy,17391.76,1.0,0.0,wait
2025-04-10,idle_check_buy,19000.03,0.9964411854743958,0.0,BUY
2025-04-11,holding,19528.77,0.0,0.999988317489624,hold
2025-04-14,holding,19513.09,0.0,0.999988317489624,hold
2025-04-15,holding,19857.67,0.0,0.999988317489624,hold
2025-04-16,holding,19468.0,0.0,0.999988317489624,hold
2025-04-17,holding,19338.73,0.0,0.999988317489624,hold
2025-04-18,holding,19395.03,0.0,0.999988317489624,hold
2025-04-21,holding,19106.2,0.0,0.999988317489624,hold
2025-04-22,holding,18793.43,0.0,0.999988317489624,hold
2025-04-23,holding,19639.14,0.0,0.9999884366989136,hold
2025-04-24,holding,19478.81,0.0,0.9999884366989136,hold
2025-04-25,holding,19872.73,0.0,0.9999884366989136,hold
2025-04-28,holding,20034.41,0.0,0.9999884366989136,hold
2025-04-29,holding,20232.63,0.0,0.9999884366989136,hold
2025-04-30,holding,20235.03,0.0,0.9999884366989136,hold
2025-05-02,holding,20787.64,0.0,0.9999885559082031,hold
2025-05-05,holding,20532.99,0.0,0.9999884366989136,hold
2025-05-06,holding,20522.59,0.0,0.9999884366989136,hold
2025-05-07,holding,20546.49,0.0,0.9999885559082031,hold
2025-05-08,holding,20543.4,0.0,0.9999885559082031,hold
2025-05-09,holding,20915.04,0.0,0.9999885559082031,hold
2025-05-12,holding,21129.54,0.0,0.9999885559082031,hold
2025-05-13,holding,21330.14,0.0,0.9999885559082031,hold
2025-05-14,holding,21782.87,0.0,0.9999885559082031,hold
2025-05-15,holding,21730.25,0.0,0.9999885559082031,hold
2025-05-16,holding,21843.69,0.0,0.9999885559082031,hold
2025-05-19,holding,21523.83,0.0,0.9999885559082031,hold
2025-05-20,holding,21526.03,0.0,0.9999885559082031,hold
2025-05-21,holding,21803.91,0.0,0.9999885559082031,hold
2025-05-22,holding,21670.96,0.0,0.9999885559082031,hold
2025-05-23,holding,21652.24,0.0,0.9999885559082031,hold
2025-05-26,holding,21536.57,0.0,0.9999885559082031,hold
2025-05-27,holding,21336.54,0.0,0.9999885559082031,hold
2025-05-28,holding,21357.72,0.0,0.9999885559082031,hold
2025-05-29,holding,21347.3,0.0,0.9999885559082031,hold
2025-06-02,holding,21002.71,0.0,0.9999885559082031,hold
2025-06-03,holding,21126.93,0.0,0.9999885559082031,hold
2025-06-04,holding,21618.09,0.0,0.9999885559082031,hold
2025-06-05,holding,21674.43,0.0,0.9999885559082031,hold
2025-06-06,holding,21660.66,0.0,0.9999885559082031,hold
2025-06-09,holding,21790.29,0.0,0.9999885559082031,hold
2025-06-10,holding,22242.14,0.0,0.9999885559082031,hold
2025-06-11,holding,22470.1,0.0,0.9999885559082031,hold
2025-06-12,holding,22287.82,0.0,0.9999885559082031,hold
2025-06-13,holding,22072.95,0.0,0.9999885559082031,hold
2025-06-16,holding,22049.9,0.0,0.9999885559082031,hold
2025-06-17,holding,22211.59,0.0,0.9999885559082031,hold
2025-06-18,holding,22356.73,0.0,0.9999885559082031,hold
2025-06-19,holding,22003.5,0.0,0.9999885559082031,hold
2025-06-20,holding,22045.74,0.0,0.9999885559082031,hold
2025-06-23,holding,21732.02,0.0,0.9999885559082031,hold
2025-06-24,holding,22188.76,0.0,0.9999885559082031,hold
2025-06-25,holding,22430.61,0.0,0.9999885559082031,hold
2025-06-26,holding,22492.34,0.0,0.9999885559082031,hold
2025-06-27,holding,22580.08,0.0,0.9999885559082031,hold
2025-06-30,holding,22256.02,0.0,0.9999885559082031,hold
2025-07-01,holding,22553.72,0.0,0.9999885559082031,hold
2025-07-02,holding,22577.74,0.0,0.9999885559082031,hold
2025-07-03,holding,22712.97,0.0,0.9999885559082031,hold
2025-07-04,holding,22547.5,0.0,0.9999885559082031,hold
2025-07-07,holding,22428.72,0.0,0.9999885559082031,hold
2025-07-08,holding,22362.27,0.0,0.9999885559082031,hold
2025-07-09,holding,22527.01,0.0,0.9999885559082031,hold
2025-07-10,holding,22693.25,0.0,0.9999885559082031,hold
2025-07-11,holding,22751.03,0.0,0.9999885559082031,hold
2025-07-14,holding,22614.97,0.0,0.9999885559082031,hold
2025-07-15,holding,22835.94,0.0,0.9999885559082031,hold
2025-07-16,holding,23042.9,0.0,0.9999885559082031,hold
2025-07-17,holding,23113.28,0.0,0.9999885559082031,hold
2025-07-18,holding,23383.13,0.0,0.9999885559082031,hold
2025-07-21,holding,23340.56,0.0,0.9999885559082031,hold
2025-07-22,holding,22987.92,0.0,0.9999885559082031,hold
2025-07-23,holding,23318.67,0.0,0.9999885559082031,hold
2025-07-24,holding,23373.73,0.0,0.9999885559082031,hold
2025-07-25,holding,23364.38,0.0,0.9999885559082031,hold
2025-07-28,holding,23412.98,0.0,0.9999885559082031,hold
2025-07-29,holding,23201.52,0.0,0.9999885559082031,hold
2025-07-30,holding,23461.72,0.0,0.9999885559082031,hold
2025-07-31,holding,23542.52,0.0,0.9999885559082031,hold
2025-08-01,holding,23434.38,0.0,0.9999885559082031,hold
2025-08-04,holding,23378.94,0.0,0.9999885559082031,hold
2025-08-05,holding,23660.59,0.0,0.9999885559082031,hold
2025-08-06,holding,23447.36,0.0,0.9999885559082031,hold
2025-08-07,holding,24003.77,0.0,0.9999885559082031,hold
2025-08-08,holding,24021.26,0.0,0.9999885559082031,hold
2025-08-11,holding,24135.5,0.0,0.9999885559082031,hold
2025-08-12,holding,24158.36,0.0,0.9999885559082031,hold
2025-08-13,holding,24370.02,0.0,0.9999885559082031,hold
2025-08-14,holding,24238.1,0.0,0.9999885559082031,hold
2025-08-15,holding,24334.48,0.0,0.9999885559082031,hold
2025-08-18,holding,24482.52,0.0,0.9999885559082031,hold
2025-08-19,holding,24353.5,0.0,0.9999885559082031,hold
2025-08-20,holding,23625.44,0.0,0.9999885559082031,hold
2025-08-21,holding,23962.13,0.0,0.9999885559082031,hold
2025-08-22,holding,23764.47,0.0,0.9999885559082031,hold
2025-08-25,holding,24277.38,0.0,0.9999885559082031,hold
2025-08-26,holding,24305.1,0.0,0.9999885559082031,hold
2025-08-27,holding,24519.9,0.0,0.9999885559082031,hold
2025-08-28,holding,24236.45,0.0,0.9999885559082031,hold
2025-08-29,holding,24233.1,0.0,0.9999885559082031,hold
2025-09-01,holding,24071.73,0.0,0.9999885559082031,hold
2025-09-02,holding,24016.78,0.0,0.9999885559082031,hold
2025-09-03,holding,24100.3,0.0,0.9999885559082031,hold
2025-09-04,holding,24179.85,0.0,0.9999885559082031,hold
2025-09-05,holding,24494.58,0.0,0.9999885559082031,hold
2025-09-08,holding,24547.38,0.0,0.9999885559082031,hold
2025-09-09,holding,24855.18,0.0,0.9999885559082031,hold
2025-09-10,holding,25192.59,0.0,0.9999885559082031,hold
2025-09-11,holding,25215.71,0.0,0.9999885559082031,hold
2025-09-12,holding,25474.64,0.0,0.9999885559082031,hold
2025-09-15,holding,25357.16,0.0,0.9999885559082031,hold
2025-09-16,holding,25629.64,0.0,0.9999885559082031,hold
2025-09-17,holding,25438.25,0.0,0.9999885559082031,hold
2025-09-18,holding,25769.36,0.0,0.9999885559082031,hold
2025-09-19,holding,25578.37,0.0,0.9999885559082031,hold
2025-09-22,holding,25880.6,0.0,0.9999885559082031,hold
2025-09-23,holding,26247.37,0.0,0.9999885559082031,hold
2025-09-24,holding,26196.73,0.0,0.9999885559082031,hold
2025-09-25,holding,26023.85,0.0,0.9999885559082031,hold
2025-09-26,holding,25580.32,0.0,0.9999885559082031,hold
2025-09-30,holding,25820.54,0.0,0.9999885559082031,SELL
2025-10-01,idle_check_buy,25982.91,1.0,0.0,wait
2025-10-02,idle_check_buy,26378.39,1.0,0.0,wait
2025-10-03,idle_check_buy,26761.06,1.0,0.0,wait
2025-10-07,idle_check_buy,27211.95,1.0,0.0,wait
2025-10-08,idle_check_buy,27063.68,1.0,0.0,wait
2025-10-09,idle_check_buy,27301.92,1.0,0.0,wait
2025-10-13,idle_check_buy,26923.42,1.0,0.0,wait
2025-10-14,idle_check_buy,26793.15,1.0,0.0,wait
2025-10-15,idle_check_buy,27275.71,1.0,0.0,wait
2025-10-16,idle_check_buy,27647.87,1.0,0.0,wait
2025-10-17,idle_check_buy,27302.37,1.0,0.0,wait
2025-10-20,idle_check_buy,27688.63,1.0,0.0,wait
2025-10-21,idle_check_buy,27752.41,1.0,0.0,wait
2025-10-22,idle_check_buy,27648.91,1.0,0.0,wait
2025-10-23,idle_check_buy,27532.26,1.0,0.0,wait
2025-10-27,idle_check_buy,27993.63,1.0,0.0,wait
2025-10-28,idle_check_buy,27949.11,1.0,0.0,wait
2025-10-29,idle_check_buy,28294.74,1.0,0.0,wait
2025-10-30,idle_check_buy,28287.53,1.0,0.0,wait
2025-10-31,idle_check_buy,28233.35,1.0,0.0,wait
2025-11-03,idle_check_buy,28334.59,1.0,0.0,wait
2025-11-04,idle_check_buy,28116.56,1.0,0.0,wait
2025-11-05,idle_check_buy,27717.06,1.0,0.0,wait
2025-11-06,idle_check_buy,27899.45,1.0,0.0,wait
2025-11-07,idle_check_buy,27651.41,1.0,0.0,wait
2025-11-10,idle_check_buy,27869.51,1.0,0.0,wait
2025-11-11,idle_check_buy,27784.95,1.0,0.0,wait
2025-11-12,idle_check_buy,27947.09,1.0,0.0,wait
2025-11-13,idle_check_buy,27903.56,1.0,0.0,wait
2025-11-14,idle_check_buy,27397.5,1.0,0.0,wait
2025-11-17,idle_check_buy,27447.31,1.0,0.0,wait
2025-11-18,idle_check_buy,26756.12,1.0,0.0,wait
2025-11-19,idle_check_buy,26580.12,1.0,0.0,wait
2025-11-20,idle_check_buy,27426.36,1.0,0.0,wait
2025-11-21,idle_check_buy,26434.94,1.0,0.0,wait
2025-11-24,idle_check_buy,26504.24,1.0,0.0,wait
2025-11-25,idle_check_buy,26912.17,1.0,0.0,wait
2025-11-26,idle_check_buy,27409.54,1.0,0.0,wait
2025-11-27,idle_check_buy,27554.53,1.0,0.0,wait
2025-11-28,idle_check_buy,27626.48,1.0,0.0,wait
2025-12-01,idle_check_buy,27342.53,1.0,0.0,wait
2025-12-02,idle_check_buy,27564.27,1.0,0.0,wait
2025-12-03,idle_check_buy,27793.04,1.0,0.0,wait
2025-12-04,idle_check_buy,27795.71,1.0,0.0,wait
2025-12-05,idle_check_buy,27980.89,1.0,0.0,wait
2025-12-08,idle_check_buy,28303.78,1.0,0.0,wait
2025-12-09,idle_check_buy,28182.6,1.0,0.0,wait
2025-12-10,idle_check_buy,28400.73,1.0,0.0,wait
2025-12-11,idle_check_buy,28024.75,1.0,0.0,wait
2025-12-12,idle_check_buy,28198.02,1.0,0.0,wait
